cluster	loc.d	loc.o	span	span2	intro_date	intro_date2	rep_strain	area
cluster_1	Vietnam	China	0.03999999999996362	0	2000.96	2001	goose/Viet_Nam/113/2001	gSEA
cluster_2	Myanmar	China	0.2899999999999636	0.2899999999999636	2005.71	2005.71	Chicken/Myanmar/06-01001-1B/2006	gSEA
cluster_3	Vietnam	China	2.6200000000001182	0.6700000000000728	2006.05	2008	chicken/Vietnam/NCVD-016/2008	gSEA
cluster_4	Vietnam	China	0.43000000000006366	0	2007.57	2008	chicken/Vietnam/NCVD-swab15/2008	gSEA
cluster_5	China	Vietnam	3.9199999999998454	2.740000000000009	2010.68	2011.86	chicken/Gansu/6/2012	gCN
cluster_6	Vietnam	China	8.840000000000146	8.450000000000045	2002.61	2003	duck/Vietnam/15/2003	gSEA
cluster_7	Thailand	Vietnam	1.0199999999999818	0	2003.98	2005	Thailand/HA20/2005	gSEA
cluster_8	Thailand	Vietnam	6.860000000000127	6.230000000000018	2003.37	2004	crow/Bangkok/Thailand/CU-35/04	gSEA
cluster_9	Lao	Thailand	0	0	2004	2004	chicken/Laos/7191/2004	gSEA
cluster_10	Malaysia	Vietnam	0.6300000000001091	0.6300000000001091	2004	2004	chicken/Malaysia/5744/2004	gSEA
cluster_11	Cambodia	Vietnam	0.9800000000000182	0.38000000000010914	2004.24	2004.84	Chicken/Cambodia/085/2004	gSEA
cluster_12	Cambodia	Vietnam	0.10999999999989996	0.10999999999989996	2005	2005	chicken/Cambodia/022LC1b/2005	gSEA
cluster_13	Cambodia	Vietnam	1.6700000000000728	0.650000000000091	2004.98	2006	duck/Cambodia/D14AL/2006	gSEA
cluster_14	Cambodia	Vietnam	0.5	0.2300000000000182	2004.73	2005	Cambodia/408008/2005	gSEA
cluster_15	Vietnam	Cambodia	0.11999999999989086	0	2004.88	2005	duck/Vietnam/557/2005	gSEA
cluster_16	Cambodia	Vietnam	1.9400000000000546	1.6800000000000637	2005.74	2006	Chicken/Cambodia/71-LC1/2007	gSEA
cluster_17	Vietnam	Cambodia	0.2400000000000091	0	2006.76	2007	duck/Vietnam/NCVD-2/2007	gSEA
cluster_18	Cambodia	Vietnam	2.3299999999999272	2.160000000000082	2009.91	2010.08	chicken/Cambodia/TKCMB1F/2010	gSEA
cluster_19	Vietnam	Cambodia	2.1099999999999	1.7000000000000455	2011.42	2011.83	duck/Viet_Nam/ST-1550-2/2012	gSEA
cluster_20	Cambodia	Vietnam	0.13000000000010914	0.009999999999990905	2012.28	2012.4	chicken/Cambodia/W0530391/2012	gSEA
cluster_21	Cambodia	Vietnam	1.6199999999998909	1.0899999999999181	2012.5	2013.03	duck/Cambodia/11W2M1/2013	gSEA
cluster_22	Vietnam	Cambodia	1.1399999999998727	0.7200000000000273	2012.94	2013.36	quail/Vietnam/NCVD-3789/2013	gSEA
cluster_23	Cambodia	Vietnam	1.1800000000000637	1.0199999999999818	2013	2013.16	Cambodia/X0828324/2013	gSEA
cluster_24	Indonesia	China	17.180000000000064	16.539999999999964	2002.36	2003	Chicken/Klaton/LYR-HW/2003	gSEA
cluster_25	Japan	China	1.1700000000000728	0	2002.83	2004	chicken/Oita/8/2004	gNA
cluster_26	Korea	Japan	0.05999999999994543	0	2002.94	2003	chicken/Korea/es/2003	gNA
cluster_27	Romania	China	1.2999999999999545	1	2004.7	2005	chicken/Constanta/RO-AI-263/2006	gE
cluster_28	Russian_Federation	Romania	1.0599999999999454	1	2004.94	2005	Cygnus_olor/Astrakhan/Ast05-2-7/2005	gNA
cluster_29	Turkey	Russian_Federation	0.3400000000001455	0	2005.84	2006.18	chicken/Turkey/Goncaaydin_ist982/2006	gE
cluster_30	Croatia	Romania	1.240000000000009	1.240000000000009	2005	2005	cygnus_olor/Croatia/1/2005	gE
cluster_31	Hungary	Croatia	0.040000000000190994	0.040000000000190994	2006.1	2006.1	mute_swan/Hungary/3472/2006	gE
cluster_32	Russian_Federation	Romania	0.43000000000006366	0	2005.49	2005.92	Cygnus_olor/Astrakhan/Ast05-2-3/2005	gNA
cluster_33	Nigeria	Romania	2.3299999999999272	1.7999999999999545	2005.47	2006	chicken/Nigeria/08RS848-28/2006	gA
cluster_34	Germany	Nigeria	3.150000000000091	2.880000000000109	2005.73	2006	turkey/Germany/R1077/06	gE
cluster_35	Denmark	Germany	0.20000000000004547	0.20000000000004547	2006	2006	tufted_duck/Denmark/6431/06	gE
cluster_36	Denmark	Germany	0.22000000000002728	0.22000000000002728	2006	2006	grey_lag_goose/Denmark/6692/2006	gE
cluster_37	Denmark	Germany	0.31999999999993634	0.31999999999993634	2006	2006	great_crested_grebe/Denmark/7498/2006	gE
cluster_38	Denmark	Germany	0.4099999999998545	0.36999999999989086	2005.96	2006	fowl/Denmark/60296/06	gE
cluster_39	Denmark	Germany	0.21000000000003638	0.21000000000003638	2006	2006	tufted_duck/Denmark/6540/2006	gE
cluster_40	Denmark	Germany	0.2599999999999909	0.2599999999999909	2006	2006	whooper_swan/Denmark/7224/06	gE
cluster_41	Poland	Germany	0.2599999999999909	0.07999999999992724	2005.99	2006.17	goosander/Poland/502-137V08/2006	gE
cluster_42	Germany	Poland	0	0	2006	2006	stone_marten/Germany/R747/2006	gE
cluster_43	Sweden	Poland	0.06999999999993634	0.05999999999994543	2006.17	2006.18	eagle_owl/Sweden/V618/2006	gE
cluster_44	Togo	Nigeria	0.18000000000006366	0	2006.82	2007	chicken/Togo/4106-4/2007	gA
cluster_45	Romania	Nigeria	0.05999999999994543	0	2005.94	2006	chicken/Brasov/RO-AI-494/2006	gE
cluster_46	Niger	Nigeria	0.36999999999989086	0.32999999999992724	2005.96	2006	chicken/Niger/2130-8/2006	gA
cluster_47	Saudi_Arabia	Nigeria	1.400000000000091	1	2006.6	2007	ostrich/Saudi_Arabia/6732-3/2007	gWA
cluster_48	Russian_Federation	China	3.3199999999999363	2.9500000000000455	2004.63	2005	grebe/Novosibirsk/29/2005	gNA
cluster_49	China	Russian_Federation	0.08999999999991815	0	2004.91	2005	Bar-headed_Goose/Qinghai/65/05	gCN
cluster_50	India	Russian_Federation	0.790000000000191	0.15000000000009095	2005.36	2006	chicken/Navapur/7972/2006	gWA
cluster_51	China	India	0.4900000000000091	0.37000000000011823	2007.23	2007.35	brown-headed_gull/Qinghai/3/2007	gCN
cluster_52	Azerbaijan	Russian_Federation	0.08999999999991815	0	2005.91	2006	Azerbaijan/008-208/2006	gE
cluster_53	Afghanistan	Russian_Federation	0.35999999999989996	0	2005.64	2006	chicken/Afghanistan/1207/2006	gSEA
cluster_54	Pakistan	Afghanistan	2.3899999999998727	2.2899999999999636	2005.9	2006	chicken/Pakistan/SPVC-8/2007	gWA
cluster_55	Afghanistan	Pakistan	0	0	2006	2006	chicken/Afghanistan/1573-47/2006	gSEA
cluster_56	Pakistan	Russian_Federation	1.3199999999999363	1	2006.68	2007	chicken/Pakistan/SPVC-5/2007	gWA
cluster_57	Kazakhstan	Russian_Federation	0.18000000000006366	0.14000000000010004	2005.24	2005.28	chicken/Karaganda/4/2005	gWA
cluster_58	Korea	Russian_Federation	0.14000000000010004	0	2005.86	2006	environment/Korea/W150/2006	gNA
cluster_59	Korea	Russian_Federation	0.03999999999996362	0	2005.96	2006	environment/Korea/W149/2006	gNA
cluster_60	Japan	Korea	0.2699999999999818	0	2006.73	2007	chicken/Okayama/T6/2007	gNA
cluster_61	Mongolia	Russian_Federation	0	0	2006	2006	common_goldeneye/Mongolia/12/2006	gNA
cluster_62	Turkey	Russian_Federation	0.2599999999999909	0.029999999999972715	2006.86	2007.09	Turkey/Turkey/Batman/09rs2842-107/2007	gE
cluster_63	Germany	Russian_Federation	1.0599999999999454	0.5799999999999272	2006.52	2007	great_crested_grebe/Germany/R1406/07	gE
cluster_64	Kuwait	Germany	0.2300000000000182	0	2006.77	2007	chicken/Kuwait/KISR2/2007	gWA
cluster_65	Saudi_Arabia	Kuwait	0.049999999999954525	0	2006.95	2007	falcon/Saudi_Arabia/6732-2/2007	gWA
cluster_66	Russian_Federation	Germany	0.009999999999990905	0.009999999999990905	2007.67	2007.67	chicken/Krasnodar/776/2007	gNA
cluster_67	Czech_Republic	Germany	0.05999999999994543	0.05999999999994543	2007.46	2007.46	turkey/Czech_Republic/10309-3/07	gE
cluster_68	Poland	Germany	0.9400000000000546	0.9400000000000546	2007	2007	chicken/Poland/R3248/2007	gE
cluster_69	Turkey	Germany	0.7899999999999636	0.11999999999989086	2007.33	2008	Chicken/Turkey-Samsun/09rs2842-113/08	gE
cluster_70	Nigeria	Turkey	0.75	0.5399999999999636	2007.79	2008	chicken/Nigeria/08VIR4337-343/2008	gA
cluster_71	United_Kingdom	Turkey	0.08999999999991815	0.08999999999991815	2008	2008	Canada_goose/England/AV578-8276/2008	gE
cluster_72	Ukraine	Turkey	0.09999999999990905	0	2007.9	2008	great_crested_grebe/Sevastopol/11-173/2008	gE
cluster_73	Bangladesh	Russian_Federation	4.539999999999964	4.210000000000036	2006.67	2007	chicken/Bangladesh/376/2007	gWA
cluster_74	India	Bangladesh	1.0299999999999727	0.9600000000000364	2007.93	2008	chicken/India/88763/2008	gWA
cluster_75	India	Bangladesh	0.6300000000001091	0.39000000000010004	2008.76	2009	chicken/West_Bengal/148713/2009	gWA
cluster_76	India	Bangladesh	2.5699999999999363	2.0499999999999545	2007.48	2008	chicken/India/96880/2008	gWA
cluster_77	India	Bangladesh	1.259999999999991	0.7200000000000273	2007.69	2008.23	duck/Tripura/103597/2008	gWA
cluster_78	Bhutan	Bangladesh	0.18000000000006366	0.009999999999990905	2009.96	2010.13	chicken/Bhutan/248009/2010	gWA
cluster_79	Russian_Federation	China	0.4900000000000091	0	2004.51	2005	duck/Novosibirsk/56/2005	gNA
cluster_80	Ukraine	Russian_Federation	0.049999999999954525	0	2004.95	2005	chicken/Crimea/08/2005	gE
cluster_81	China	Russian_Federation	0.7799999999999727	0.5	2005.72	2006	Xinjiang/1/2006	gCN
cluster_82	United_Kingdom	Russian_Federation	0.07999999999992724	0	2006.92	2007	turkey/England/250/2007	gE
cluster_83	Hungary	United_Kingdom	0	0	2007	2007	goose/Hungary/2823/2/2007	gE
cluster_84	Mongolia	Russian_Federation	0.2899999999999636	0	2004.71	2005	whooper_swan/Mongolia/3/05	gNA
cluster_85	China	Mongolia	0.44000000000005457	0.2600000000002183	2006.19	2006.37	bar-headed_goose/Qinghai/1/2006	gCN
cluster_86	Turkey	Russian_Federation	1.2999999999999545	1.1800000000000637	2004.9	2005.02	Turkey/15/2006	gE
cluster_87	Iraq	Turkey	0.19000000000005457	0	2005.81	2006	domestic_cat/Iraq/820/2006	gWA
cluster_88	Iraq	Turkey	0.11999999999989086	0	2005.88	2006	Iraq/755/2006	gWA
cluster_89	Germany	Russian_Federation	3.230000000000018	2.75	2005.52	2006	mute_swan/Germany/R797/06	gE
cluster_90	Hungary	Germany	0.43000000000006366	0.43000000000006366	2006	2006	goose/Hungary/14756/2006	gE
cluster_91	France	Germany	0.09999999999990905	0	2005.9	2006	mute_swan/France/06631a/2006	gE
cluster_92	Switzerland	Germany	0.03999999999996362	0	2005.96	2006	duck/Switzerland/V389/2006	gE
cluster_93	Switzerland	Germany	0.049999999999954525	0	2005.95	2006	common_coot/Switzerland/V544/2006	gE
cluster_94	Switzerland	Germany	0	0	2006	2006	mute_swan/Switzerland/V68/2006	gE
cluster_95	Austria	Germany	0.03999999999996362	0.03999999999996362	2006.26	2006.26	swan/Hoeflein/2048/2006	gE
cluster_96	Switzerland	Germany	0.08999999999991815	0	2005.91	2006	mallard/Switzerland/V537/2006	gE
cluster_97	Germany	Switzerland	0.33999999999991815	0.25	2005.91	2006	swan/Bavaria/29/2006	gE
cluster_98	Nigeria	Russian_Federation	2.5300000000002	1.8900000000001	2005.36	2006	chicken/Nigeria/VRD44/2006	gA
cluster_99	Sudan	Nigeria	0.14000000000010004	0	2005.86	2006	chicken/Sudan/2115-12/2006	gA
cluster_100	Burkina_Faso	Nigeria	0.7700000000002092	0.39000000000010004	2005.62	2006	chicken/Burkina_Faso/13.1/2006	gA
cluster_101	Cote_dIvoire	Burkina_Faso	0	0	2006	2006	chicken/Ivory_Coast/1787-35/2006	gA
cluster_102	Cote_dIvoire	Burkina_Faso	0.09999999999990905	0	2005.9	2006	turkey/Ivory_Coast/4372-2/2006	gA
cluster_103	Ghana	Cote_dIvoire	0.30999999999994543	0.30999999999994543	2007	2007	chicken/Ghana/3159-NAMRU3/2007	gA
cluster_104	Benin	Nigeria	0.9500000000000455	0.9200000000000728	2006.97	2007	chicken/Benin/6693-1/2007	gA
cluster_105	Romania	Russian_Federation	1.5	1	2004.72	2005	mute_swan/Constanta/RO-AI-007/2005	gE
cluster_106	France	Romania	0.08999999999991815	0	2005.91	2006	mute_swan/France/06303/2006	gE
cluster_107	Slovenia	Romania	0.08999999999991815	0	2005.91	2006	cygnus_olor/Slovenia/156/06	gE
cluster_108	Austria	Slovenia	0.14000000000010004	0.14000000000010004	2006	2006	cat/Austria/649/2006	gE
cluster_109	Austria	Slovenia	0.13000000000010914	0.13000000000010914	2006	2006	duck/Leibnitz/243/2006	gE
cluster_110	Croatia	Romania	0.10000000000013642	0.020000000000209184	2006.04	2006.12	Cygnus_olor/Croatia/229/2006	gE
cluster_111	Italy	Romania	0.13000000000010914	0	2005.87	2006	cygnus_olor/Italy/808/2006	gE
cluster_112	Sweden	Italy	0.22000000000002728	0.07999999999992724	2006.04	2006.18	tufted_duck/Sweden/V599/06	gE
cluster_113	Turkey	Italy	0.01999999999998181	0.01999999999998181	2006.14	2006.14	Chicken/Turkey-Manisa/09rs2841-118/2006	gE
cluster_114	Germany	Italy	0.06999999999993634	0	2005.93	2006	common_bussard/Bavaria/2/2006	gE
cluster_115	Slovakia	Italy	0.13000000000010914	0.13000000000010914	2006	2006	Mergus_albellus/Slovakia/Vh212/2006	gE
cluster_116	Czech_Republic	Slovakia	0.10999999999989996	0.03999999999996362	2006.16	2006.23	Cygnus_olor/Czech_Republic/6206/06	gE
cluster_117	Nigeria	Romania	1.0599999999999454	0.19000000000005457	2005.13	2006	chicken/Nigeria/08RS848-8/2006	gA
cluster_118	Egypt	Nigeria	13.569999999999936	13	2005.43	2006	domestic_poultry/Egypt/906089/2006	gWA
cluster_119	Palestinian	Egypt	0.09999999999990905	0	2005.9	2006	chicken/Gaza/713/2006	gWA
cluster_120	Israel	Egypt	0	0	2006	2006	chicken/Israel/625/2006	gWA
cluster_121	Palestinian	Egypt	0	0	2006	2006	duck/Gaza/834/2006	gWA
cluster_122	Israel	Egypt	0	0	2006	2006	turkey/Israel/345/2006	gWA
cluster_123	Israel	Egypt	0.5899999999999181	0.17000000000007276	2014.63	2015.05	turkey/Jenin/39/2015	gWA
cluster_124	Israel	Egypt	0.33999999999991815	0.21000000000003638	2015.15	2015.28	duck/Gaza/552/2015	gWA
cluster_125	Israel	Egypt	0.25	0.06999999999993634	2014.86	2015.04	chicken/Israel/88/2015	gWA
cluster_126	Vietnam	China	0.6300000000001091	0	2004.37	2005	chicken/Viet_Nam/10/2005	gSEA
cluster_127	Vietnam	China	0.9200000000000728	0.9200000000000728	2005	2005	duck/Vietnam/201/2005	gSEA
cluster_128	Vietnam	China	0.2899999999999636	0.20000000000004547	2009.18	2009.27	Muscovy_duck/Vietnam/18151/2009	gSEA
cluster_129	Vietnam	China	1.7000000000000455	1.5499999999999545	2009.85	2010	duck/Vietnam/NCVD-885/2010	gSEA
cluster_130	Vietnam	China	1.7899999999999636	0.08000000000015461	2010.66	2012.37	duck/Vietnam/NCVD-KA250/2012	gSEA
cluster_131	Vietnam	China	1.2699999999999818	0.8299999999999272	2011.45	2011.89	duck/Vietnam/NCVD129-7/2011	gSEA
cluster_132	Lao	China	0.08999999999991815	0	2007.91	2008	chicken/Laos/OX005/2008	gSEA
cluster_133	Japan	China	0.17000000000007276	0	2007.83	2008	whooper_swan/Hokkaido/1/2008	gNA
cluster_134	Korea	China	0.36999999999989086	0.05999999999994543	2007.95	2008.26	duck/Korea/NSQ263/2008	gNA
cluster_135	Russian_Federation	Korea	0	0	2008.27	2008.27	chicken/Primorsky/85/2008	gNA
cluster_136	Vietnam	China	4.789999999999964	4.509999999999991	2008.72	2009	chicken/Vietnam/NCVD-389/2009	gSEA
cluster_137	Bangladesh	Vietnam	11.759999999999991	11.379999999999882	2010.54	2010.92	chicken/Bangladesh/18248/2012	gWA
cluster_138	India	Bangladesh	0	0	2011.09	2011.09	duck/India/02CA10/2011	gWA
cluster_139	Bhutan	Bangladesh	3.849999999999909	3.2100000000000364	2011.4	2012.04	wild_bird/Bhutan/327/2012	gWA
cluster_140	India	Bhutan	0.4900000000000091	0.33999999999991815	2011.52	2011.67	chicken/India/09CA02/2011	gWA
cluster_141	Nepal	Bhutan	1.2000000000000455	1.1100000000001273	2011.76	2011.85	duck/Nepal/5.TZoo/11	gWA
cluster_142	India	Bhutan	2.0799999999999272	1.9700000000000273	2011.92	2012.03	crow/India/02CA03/2012	gWA
cluster_143	Nepal	Bhutan	0.34999999999990905	0.16999999999984539	2012.98	2013.16	chicken/Nepal/PT-30/13	gWA
cluster_144	India	Bangladesh	0.09000000000014552	0.009999999999990905	2011.09	2011.17	chicken/India/03CL488/2011	gWA
cluster_145	Nepal	Bangladesh	0.4399999999998272	0.09999999999990905	2011.63	2011.97	chicken/Nepal/PT-1/12	gWA
cluster_146	India	Bangladesh	1.6800000000000637	1.3100000000001728	2011.46	2011.83	chicken/India/01CL1196/2012	gWA
cluster_147	India	Bangladesh	0.2599999999999909	0	2013.74	2014	crow/India/01CA02/2014	gWA
cluster_148	Mongolia	China	1.099999999999909	1	2008.9	2009	common_goldeneye/Mongolia/X59/2009	gNA
cluster_149	Nepal	Mongolia	1.2200000000000273	0.6699999999998454	2009.61	2010.16	chicken/Nepal/5-1cl/2010	gWA
cluster_150	Mongolia	Nepal	0.43000000000006366	0.38000000000010914	2009.95	2010	whooper_swan/Mongolia/1/2010	gNA
cluster_151	Japan	Mongolia	1.6600000000000819	1.4200000000000728	2009.76	2010	chicken/Shimane/1/2010	gNA
cluster_152	Korea	Japan	0.2799999999999727	0.1899999999998272	2010.81	2010.9	Eurasian_eagle_owl/Korea/23/2010	gNA
cluster_153	Korea	Japan	0.11999999999989086	0.029999999999972715	2010.9	2010.99	mandarin_duck/Korea/K10-480/2010	gNA
cluster_154	Japan	Korea	0.09000000000014552	0.09000000000014552	2011.07	2011.07	mandarin_duck/Kochi/3901C005/2011	gNA
cluster_155	Japan	China	0.5899999999999181	0.5899999999999181	2015	2015	chicken/Japan/AnimalQuarantine-HE79/2015	gNA
cluster_156	Indonesia	China	9.920000000000073	9.440000000000055	2012.25	2012.73	chicken/CentralJava/VSN384/2013	gSEA
cluster_157	Austria	Indonesia	0.14000000000010004	0.01999999999998181	2013.31	2013.43	mynah/Austria-quarantine/13064792-010/13	gE
cluster_158	Lao	China	0	0	2014	2014	chicken/Laos/M05/2014	gSEA
cluster_159	India	China	0.8900000000001	0.3300000000001546	2014.27	2014.83	duck/India/11CA02/2014	gWA
cluster_160	United_Arab_Emirates	India	0.07000000000016371	0.01999999999998181	2014.86	2014.91	Duck/Dubai/2459/2014	gWA
cluster_161	Iraq	India	0.7899999999999636	0.5	2014.71	2015	peafowl/Kirkuk/2/2015	gWA
cluster_162	Nigeria	India	2.4300000000000637	2.0900000000001455	2014.71	2015.05	chicken/Nigeria/16VIR5840-71/2015	gA
cluster_163	Lebanon	Nigeria	0.3100000000001728	0.11000000000012733	2016.11	2016.31	chicken/Lebanon/16VIR2783-20/2016	gWA
cluster_164	Romania	Nigeria	0.2999999999999545	0	2014.93	2015.23	pelican/Romania/12449/2015	gE
cluster_165	Bulgaria	Romania	0.08999999999991815	0.01999999999998181	2014.99	2015.06	chicken/Bulgaria/5409/15	gE
cluster_166	Cote_dIvoire	Nigeria	0.4299999999998363	0.2300000000000182	2015.13	2015.33	turtledove/Ivory_Coast/15VIR2742-7/2015	gA
cluster_167	Niger	Nigeria	0.22000000000002728	0.18000000000006366	2015.96	2016	chicken/Niger/16VIR2650-1/2016	gA
cluster_168	Niger	Nigeria	0.5099999999999909	0.08999999999991815	2016.51	2016.93	duck/Niger/17RS32-7/2016	gA
cluster_169	Ghana	Nigeria	0.39000000000010004	0	2018.08	2018.47	chicken/Ghana/18VIR6319-10/2018	gA
cluster_170	Cameroon	Nigeria	1.25	1.1600000000000819	2015.91	2016	chicken/Cameroon/16V04357/2016	gA
cluster_171	Nigeria	India	1.3599999999999	0.9900000000000091	2014.63	2015	chicken/Nigeria/16VIR5840-19/2015	gA
cluster_172	Togo	Nigeria	2.099999999999909	0	2014.9	2017	chicken/Togo/17RS1021-1/2017	gA
cluster_173	Togo	Nigeria	0.5	0.009999999999990905	2016.14	2016.63	duck/Togo/16VIR6560-10/2016	gA
cluster_174	Cote_dIvoire	Nigeria	0.08999999999991815	0	2015.19	2015.28	chicken/Ivory_Coast/15VIR2742-3/2015	gA
cluster_175	Ghana	Nigeria	1.7000000000000455	1.4400000000000546	2014.74	2015	chicken/Ghana/15VIR2588-5/2015	gA
cluster_176	Cote_dIvoire	Nigeria	1.8600000000001273	1.5699999999999363	2015.09	2015.38	chicken/Cote_dIvoire/Viro188-74/2015	gA
cluster_177	Vietnam	China	6.269999999999982	6.019999999999982	2011.75	2012	duck/Vietnam/NCVD-0004/2013	gSEA
cluster_178	Lao	Vietnam	3.3799999999998818	2.7999999999999545	2015.4	2015.98	chicken/Laos/NL-1500466/2015	gSEA
cluster_179	Vietnam	Lao	1.2699999999999818	1.2699999999999818	2015.88	2015.88	chicken/Nghe_An/17VTC/2015	gSEA
cluster_180	Cambodia	Vietnam	0.10000000000013642	0.009999999999990905	2014.05	2014.14	Duck/Cambodia/Y0224302/2014	gSEA
cluster_181	Cambodia	Vietnam	0.8700000000001182	0.19000000000005457	2014.28	2014.96	partial/A/chicken/Takeo/OIE6/2014	gSEA
cluster_182	Cambodia	Vietnam	1.6200000000001182	0.8000000000001819	2014.29	2015.11	chicken/Cambodia/Z70W10M1/2015	gSEA
cluster_183	Cambodia	Vietnam	2.7999999999999545	2.3300000000001546	2015.4	2015.87	duck/Cambodia/a23W9M1/2016	gSEA
cluster_184	Cambodia	Vietnam	4.730000000000018	3.589999999999918	2013.99	2015.13	environment/Cambodia/Z51EW9M3/2015	gSEA
cluster_185	Vietnam	Cambodia	1.25	1.009999999999991	2018.41	2018.65	duck/Vietnam/HU10-1815/2018	gSEA
cluster_186	Vietnam	China	2.4400000000000546	1.7899999999999636	2008.35	2009	duck/Viet_Nam/TMU022/2009	gSEA
cluster_187	Lao	Vietnam	1.25	1.25	2009.08	2009.08	chicken/Khoua_District/C110209-196-MK/2009	gSEA
cluster_188	Vietnam	China	5.5499999999999545	5.490000000000009	2004.94	2005	chicken/Vietnam/209/2005	gSEA
cluster_189	Myanmar	Vietnam	0.9200000000000728	0.9200000000000728	2007	2007	chicken/Shan/2626/2007	gSEA
cluster_190	China	Vietnam	1.1299999999998818	1.0499999999999545	2011.98	2012.06	Guizhou/1/2012	gCN
cluster_191	Bangladesh	Vietnam	0.6300000000001091	0.4500000000000455	2010.82	2011	chicken/Bangladesh/11RS-1984-30/2011	gWA
cluster_192	Lao	China	1.4800000000000182	1	2005.52	2006	Chicken/Laos/Xaythiani_26/2006	gSEA
cluster_193	Thailand	Lao	0.32999999999992724	0	2005.67	2006	chicken/Nakhonphanom/NIAH113718/2006	gSEA
cluster_194	Thailand	Lao	0.08999999999991815	0	2006.91	2007	duck/Nong-Khai/Thailand/KU-56/2007	gSEA
cluster_195	Vietnam	China	0.4500000000000455	0	2006.55	2007	duck/Vietnam/37/2007	gSEA
cluster_196	Myanmar	China	0.4800000000000182	0.25	2006.77	2007	guinea_fowl/Yangon/834/2007	gSEA
cluster_197	Vietnam	China	2.7799999999999727	2.3199999999999363	2006.54	2007	Vietnam/HN31323/2007	gSEA
cluster_198	Vietnam	China	1.0799999999999272	0.8800000000001091	2014.17	2014.37	duck/Ha_Tinh/HT12/2014	gSEA
cluster_199	Vietnam	China	1.6099999999999	0.9600000000000364	2013.97	2014.62	duck/Vietnam/NCVD14-A392/2014	gSEA
cluster_200	Korea	China	2.759999999999991	2.2100000000000364	2013.5	2014.05	duck/Korea/H1275/2014	gNA
cluster_201	Japan	Korea	0.38999999999987267	0.15999999999985448	2014.73	2014.96	chicken/Saga/1-1/2015	gNA
cluster_202	Korea	Japan	0.25	0.19000000000005457	2014.92	2014.98	Korean_native_chicken/Korea/H2038/2014	gNA
cluster_203	Germany	Korea	1.0899999999999181	1	2013.91	2014	scarlet_ibis/Germany/AR44-L01279/2015	gE
cluster_204	Sweden	Germany	0.060000000000172804	0.029999999999972715	2015.11	2015.14	MuteSwan/Sweden/SVA150311KU0277/SZ502/2015	gE
cluster_205	Georgia	Germany	0.049999999999954525	0.01999999999998181	2015	2015.03	Mallard/Republic_of_Georgia/1/2015	gE
cluster_206	Netherlands	Germany	0.5900000000001455	0.2800000000002001	2014.56	2014.87	chicken/Netherlands/14015766/2014	gE
cluster_207	United_Kingdom	Netherlands	0.010000000000218279	0.010000000000218279	2014.87	2014.87	duck/England/36254/14	gE
cluster_208	Germany	Netherlands	0.09000000000014552	0.009999999999990905	2014.87	2014.95	domestic_duck/Germany-NI/R3468/2014	gE
cluster_209	Taiwan	Korea	5.430000000000064	4.210000000000036	2013.8	2015.02	duck/Nantou/15A03445-11-20T/2015	gNA
cluster_210	United_States	Taiwan	2.729999999999791	2.6099999999999	2013.88	2014	gyrfalcon/Washington/41088/6/2014	gAm
cluster_211	Canada	United_States	0.03999999999996362	0.03999999999996362	2014.92	2014.92	turkey/BC/FAV10/2014	gAm
cluster_212	United_States	Canada	0.06999999999993634	0.06999999999993634	2014.97	2014.97	mallard/Oregon/AH0003821/2014	gAm
cluster_213	Japan	China	0.01999999999998181	0.01999999999998181	2015.9	2015.9	chicken/Japan/AQ-HE144/2015	gNA
cluster_214	Vietnam	China	2.9300000000000637	2.4500000000000455	2017.1	2017.58	muscovy_duck/Vietnam/HU7-20/2017	gSEA
cluster_215	Vietnam	China	3.7000000000000455	2.880000000000109	2014.18	2015	Quail/Viet_Nam/4615/2015	gSEA
cluster_216	Vietnam	China	0.7300000000000182	0.6400000000001	2014.21	2014.3	Duck/Viet_Nam/5314/2014	gSEA
cluster_217	Japan	China	0.7899999999999636	0.33999999999991815	2016.43	2016.88	chicken/Saga/1-3C/2017	gNA
cluster_218	China	Japan	0.20000000000004547	0.07999999999992724	2016.8	2016.92	chicken/Shanxi/12.01_TGYL014-C/2016	gCN
cluster_219	Korea	Japan	0.2700000000002092	0.07000000000016371	2016.62	2016.82	Mandarin_duck/Korea/K16-187-3/2016	gNA
cluster_220	Vietnam	Japan	0.8199999999999363	0.5599999999999454	2017.28	2017.54	duck/Vietnam/QuangBinh/DH330718/2017	gSEA
cluster_221	Mongolia	China	0.8599999999999	0.8599999999999	2018.69	2018.69	duck/Ugii_lake/_66/2018	gNA
cluster_222	Vietnam	China	1.3800000000001091	0.38000000000010914	2019.06	2020.06	chicken/Viet_Nam/20-161/2020	gSEA
cluster_223	Bangladesh	China	0.17000000000007276	0.09000000000014552	2019.97	2020.05	Ferruginous_duck/Bangladesh/42380/2020	gWA
cluster_224	Mongolia	Bangladesh	0.029999999999972715	0.029999999999972715	2020.3	2020.3	Whooper_swan/Mongolia/24/2020	gNA
cluster_225	Mongolia	Bangladesh	0.2999999999999545	0.07999999999992724	2020.03	2020.25	Whooper_swan/Mongolia/01/2020	gNA
cluster_226	Vietnam	China	0.9200000000000728	0.6299999999998818	2020.1	2020.39	chicken/Viet_Nam/QN-20-985/2020	gSEA
cluster_227	Vietnam	China	2.7799999999999727	2.660000000000082	2018.44	2018.56	Muscovy_duck/Long_An/AI470/2018	gSEA
cluster_228	Russian_Federation	China	2.25	1.9800000000000182	2015.73	2016	environment/Kamchatka/18/2016	gNA
cluster_229	Croatia	Russian_Federation	0.38000000000010914	0.19000000000005457	2016.8	2016.99	mute_swan/Croatia/42/2017	gE
cluster_230	Germany	Croatia	0.12000000000011823	0.12000000000011823	2017.06	2017.06	turkey/Germany-SH/AR426-L03295/2017	gE
cluster_231	United_Kingdom	Russian_Federation	0.03999999999996362	0.03999999999996362	2017	2017	Cygnus_olor/England/AS00918/2016	gE
cluster_232	Iran	Russian_Federation	0.6199999999998909	0	2016.43	2017.05	chicken/Iran/17RS654-29/2017	gWA
cluster_233	Bangladesh	Russian_Federation	0.21000000000003638	0.21000000000003638	2017.03	2017.03	chicken/Bangladesh/1896-17-HA/2017	gWA
cluster_234	Saudi_Arabia	Russian_Federation	1.5799999999999272	1.240000000000009	2016.66	2017	chicken/Alkharj/910/2018	gWA
cluster_235	Pakistan	Saudi_Arabia	0.37000000000011823	0.16000000000008185	2018.59	2018.8	chicken/Pakistan/531/2018	gWA
cluster_236	China	Russian_Federation	1.3999999999998636	0.959999999999809	2016.45	2016.89	whooper_swan/Shanxi/RC01/2016	gCN
cluster_237	Nigeria	Russian_Federation	0.2400000000000091	0	2016.64	2016.88	duck/Nigeria/17RS737-43/2016	gA
cluster_238	Uganda	Nigeria	0.15000000000009095	0.009999999999990905	2016.86	2017	chicken/Uganda/17RS115-15/2017	gA
cluster_239	Congo	Nigeria	0.37999999999988177	0.009999999999990905	2016.99	2017.36	duck/Democratic_Republic_of_the_Congo/17RS882-29/2017	gA
cluster_240	Egypt	Russian_Federation	3.3099999999999454	2.5799999999999272	2016.27	2017	Duck/Luxor/248/2018	gWA
cluster_241	Iran	Egypt	0.4600000000000364	0.19000000000005457	2016.6	2016.87	chicken/Iran/17RS654-01/2016	gWA
cluster_242	Egypt	Russian_Federation	3.369999999999891	3.3099999999999454	2016.88	2016.94	little_grebe/Egypt/1056OP/2016	gWA
cluster_243	China	Russian_Federation	0.18000000000006366	0.18000000000006366	2017.29	2017.29	Bar-headed_Goose/Qinghai/a893/2017	gCN
cluster_244	Nigeria	Russian_Federation	0.19000000000005457	0.10000000000013642	2018.97	2019.06	chicken/Nigeria/VRD-19-073_19RS1081-6/2019	gA
cluster_245	Iran	Russian_Federation	1.4500000000000455	0.9600000000000364	2016.52	2017.01	chicken/Iran/17RS654-15/2017	gWA
cluster_246	Korea	Iran	0.5299999999999727	0.4700000000000273	2016.89	2016.95	mallard_duck/Korea/WA137/2017	gNA
cluster_247	Israel	Iran	0.029999999999972715	0	2016.95	2016.98	turkey/Israel/1076/2016	gWA
cluster_248	South_Africa	Russian_Federation	1.4200000000000728	0.9700000000000273	2017.01	2017.46	chicken/South_Africa/Standerton/2017	gA
cluster_249	Hungary	South_Africa	1.4500000000000455	0.41000000000008185	2018.98	2020.02	turkey/Hungary/1020_20VIR749-1/2020	gE
cluster_250	Poland	Hungary	0.21000000000003638	0.17000000000007276	2019.96	2020	turkey/Poland/182/2020	gE
cluster_251	Poland	Hungary	0.32999999999992724	0.2300000000000182	2019.9	2020	turkey/Poland/027/2020	gE
cluster_252	Germany	Poland	0.18000000000006366	0.029999999999972715	2020.05	2020.2	buzzard/Germany-SN/AI00285/2020	gE
cluster_253	Japan	Hungary	1.2999999999999545	1.2000000000000455	2019.9	2020	northern_pintail/Hokkaido/M13/2020	gNA
cluster_254	Korea	Japan	0.08999999999991815	0.029999999999972715	2020.89	2020.95	chicken/Korea/H441/2020	gNA
cluster_255	China	Japan	0	0	2020.79	2020.79	common_teal/Ningxia/189/2020	gCN
cluster_256	Korea	Japan	0.049999999999954525	0.009999999999990905	2020.89	2020.93	quail/Korea/H412/2020	gNA
cluster_257	France	Russian_Federation	0.25	0.25	2017.23	2017.23	swan/France/171376/2017	gE
cluster_258	Czech_Republic	Russian_Federation	0.5399999999999636	0.06999999999993634	2016.56	2017.03	mute_swan/Czech_Republic/499-17/2017_H5N8	gE
cluster_259	Germany	Russian_Federation	0.4900000000000091	0	2016.62	2017.11	turkey/Germany-BB/AR1223-L03028/2017	gE
cluster_260	Poland	Germany	0.3300000000001546	0.029999999999972715	2016.62	2016.92	domestic_goose/Poland/33/2016	gE
cluster_261	Germany	Poland	0.7199999999997999	0.2799999999999727	2016.63	2017.07	domestic_duck/Germany-BB/AR1341-L03029/2017	gE
cluster_262	Russian_Federation	Germany	0.19000000000005457	0.14000000000010004	2016.7	2016.75	wild_duck/Tatarstan/3059/2016	gNA
cluster_263	Poland	Germany	0.009999999999990905	0.009999999999990905	2016.96	2016.96	turkey/Poland/78/2016	gE
cluster_264	Germany	Poland	0.18000000000006366	0.18000000000006366	2017.03	2017.03	turkey/Germany-NW/AR258-L02994/2017	gE
cluster_265	Italy	Russian_Federation	0.459999999999809	0	2016.63	2017.09	turkey/Italy/17VIR973-2/2017	gE
cluster_266	Bulgaria	Italy	0.8599999999999	0.33999999999991815	2017.65	2018.17	chicken/Bulgaria/Dobrich/163-1/2018	gE
cluster_267	Hungary	Italy	0.6199999999998909	0.5	2016.68	2016.8	chicken/Hungary/59048/2016	gE
cluster_268	Macedonia	Hungary	0.01999999999998181	0.01999999999998181	2017.06	2017.06	chicken/Republic_of_Macedonia/AR1167-L02131/2017	gE
cluster_269	Croatia	Hungary	0.22000000000002728	0.22000000000002728	2016.83	2016.83	mute_swan/Croatia/70/2016	gE
cluster_270	Bulgaria	Croatia	3.0900000000001455	2.6200000000001182	2017.33	2017.8	duck/Bulgaria/Plovdiv/76-1/2018	gE
cluster_271	Czech_Republic	Hungary	0.4500000000000455	0.22000000000002728	2016.77	2017	chicken/Czech_Republic/2216-17_1/2017_H5N8	gE
cluster_272	Croatia	Czech_Republic	0.049999999999954525	0.049999999999954525	2017.06	2017.06	mute_swan/Croatia/30/2017	gE
cluster_273	France	Czech_Republic	0.38000000000010914	0.2999999999999545	2016.84	2016.92	duck/France/161271/2016	gE
cluster_274	Croatia	Czech_Republic	0.13999999999987267	0.09999999999990905	2016.95	2016.99	mute_swan/Croatia/104/2016	gE
cluster_275	France	Czech_Republic	0.01999999999998181	0.01999999999998181	2016.91	2016.91	duck/France/161108h/2016	gE
cluster_276	Poland	Czech_Republic	0.2699999999999818	0.19000000000005457	2016.91	2016.99	wild_duck/Poland/78/2017	gE
cluster_277	Italy	Poland	0.020000000000209184	0.020000000000209184	2017.12	2017.12	turkey/Italy/17VIR1338-3/2017	gE
cluster_278	Belgium	Poland	0.07999999999992724	0.07999999999992724	2017.14	2017.14	Cygnus_olor/Belgium/1567/2017	gE
cluster_279	Netherlands	Russian_Federation	1	0.01999999999998181	2015.96	2016.94	Eur_Wig/NL-Wormer/16016143-002/2016	gE
cluster_280	Germany	Netherlands	0.9500000000000455	0.9200000000000728	2015.97	2016	recombinant_A/tufted_duck/Germany/AR8444/2016	gE
cluster_281	Denmark	Germany	1.3800000000001091	1.3800000000001091	2016.85	2016.85	tufted_duck/Denmark/17740-1/2016	gE
cluster_282	Poland	Germany	0.4800000000000182	0.44000000000005457	2016.82	2016.86	herring_gull/Poland/84/2016	gE
cluster_283	Sweden	Germany	0.209999999999809	0	2016.66	2016.87	Common_Goldeneye/Sweden/SVA161117KU0322/SZ0002165/2016	gE
cluster_284	Netherlands	Germany	0.18000000000006366	0.08000000000015461	2016.76	2016.86	Eur_Wig/NL-Leeuwarden/16015699-002/2016	gE
cluster_285	Germany	Netherlands	0.19000000000005457	0.13000000000010914	2016.8	2016.86	chicken/Germany-MV/AR9738-L02971/2016	gE
cluster_286	Israel	Russian_Federation	0	0	2016.97	2016.97	cormorant/Israel/1035/2016	gWA
cluster_287	Iran	Israel	1.1800000000000637	1.1800000000000637	2018.06	2018.06	Poultry/Iran/clade_2344/2018	gWA
cluster_288	Belgium	Russian_Federation	0.1999999999998181	0.01999999999998181	2016.91	2017.09	chicken/Belgium/807/2017	gE
cluster_289	Italy	Russian_Federation	0.5	0.38000000000010914	2017.44	2017.56	mallard/Italy/17VIR6103-1/2017	gE
cluster_290	Italy	Russian_Federation	0.9200000000000728	0.8600000000001273	2017	2017.06	chicken/Italy/17VIR3078/2017	gE
cluster_291	Russian_Federation	Italy	2.5499999999999545	0	2018.22	2020.77	goose/Tatarstan/1730-2/2020	gNA
cluster_292	Japan	Russian_Federation	0.6400000000001	0.3400000000001455	2017.55	2017.85	tufted_duck/Shimane/3211TY001/2017	gNA
cluster_293	Korea	Japan	0.4500000000000455	0.37000000000011823	2017.75	2017.83	chicken/Korea/H219/2018	gNA
cluster_294	Netherlands	Russian_Federation	0.2799999999999727	0.05999999999994543	2016.75	2016.97	Mallard/Netherlands/3/2017	gE
cluster_295	United_Kingdom	Netherlands	0.19000000000005457	0.01999999999998181	2016.78	2016.95	turkey/England/052131/2016	gE
cluster_296	Belgium	Netherlands	0.38000000000010914	0.009999999999990905	2017.07	2017.44	Guinea_fowl/Belgium/6102/2017	gE
cluster_297	Germany	Russian_Federation	1.6100000000001273	0.6700000000000728	2017.05	2017.99	buzzard/Germany-NRW/AR279/2018	gE
cluster_298	Korea	Germany	0.44000000000005457	0.2699999999999818	2017.77	2017.94	duck/Korea/H35/2017	gNA
cluster_299	Japan	Korea	0.03999999999996362	0	2017.99	2018.03	chicken/Kagawa/2T-2/2018	gNA
cluster_300	Netherlands	Germany	0.22000000000002728	0	2017.98	2018.2	Domestic_Duck/Netherlands/EMC-6/2018	gE
cluster_301	Netherlands	Germany	0.16000000000008185	0	2017.99	2018.15	Chicken/Netherlands/EMC-1/2018	gE
cluster_302	Netherlands	Germany	1.5199999999999818	1.4500000000000455	2017.13	2017.2	Buzzard/Netherlands/18004242-002/2018	gE
cluster_303	United_Kingdom	Netherlands	0.12999999999988177	0.029999999999972715	2017.9	2018	mute_swan/England/AVP_18_001986/2017	gE
cluster_304	Ukraine	Russian_Federation	0.17000000000007276	0	2016.78	2016.95	White-fronted_Goose/AN/1-15-12/2016	gE
cluster_305	Russian_Federation	Ukraine	1.9700000000000273	0.959999999999809	2016.87	2017.88	chicken/Rostov-on-Don/1598/2017	gNA
cluster_306	Israel	Russian_Federation	0.4099999999998545	0	2016.69	2017.1	turkey/Israel/184/2017	gWA
cluster_307	Egypt	Israel	5.5	5.259999999999991	2016.76	2017	chicken/Egypt/ME-2018/2018	gWA
cluster_308	Russian_Federation	Egypt	2.1900000000000546	1.6200000000001182	2020.01	2020.58	duck/Chelyabinsk/1207-1/2020	gNA
cluster_309	Kazakhstan	Russian_Federation	0.2799999999999727	0	2020.3	2020.58	chicken/Kazakhstan/23/2020	gWA
cluster_310	Denmark	Russian_Federation	0.25	0.029999999999972715	2020.61	2020.83	peregrine_falcon/Denmark/13776-1/2020-10-30_H5N5	gE
cluster_311	Sweden	Russian_Federation	0.25	0.08000000000015461	2021.13	2021.3	Chicken/Sweden/SVA210420SZ0002/KN099429-IP22/2021	gE
cluster_312	Netherlands	Russian_Federation	0.21000000000003638	0	2020.72	2020.93	chicken/Netherlands/20019422-001005/2020	gE
cluster_313	China	Russian_Federation	0.8500000000001364	0.009999999999990905	2020.54	2021.38	brown-headed_gull/Tibet/N38/2021	gCN
cluster_314	Korea	China	0.30999999999994543	0.029999999999972715	2021.54	2021.82	quail/Korea/H526/2021	gNA
cluster_315	Sweden	Russian_Federation	0.4500000000000455	0.2599999999999909	2020.75	2020.94	barnacle_goose/Sweden/SVA201215SZ0368/KN003768/2020	gE
cluster_316	Austria	Sweden	0.03999999999996362	0	2021.05	2021.09	mute_swan/Austria/21011165_21VIR1085-2/2021	gE
cluster_317	Germany	Sweden	0.19000000000005457	0.010000000000218279	2021.44	2021.62	seal/Germany-SH/AI05373/2021	gE
cluster_318	Finland	Sweden	0.03999999999996362	0	2020.96	2021	mute_swan/Finland/1325_21VIR7689-2/2021	gE
cluster_319	Estonia	Finland	0.5499999999999545	0.5499999999999545	2021.17	2021.17	mute_swan/Estonia/TA2106419-1_21VIR7512-3/2021	gE
cluster_320	Belgium	Sweden	0.07000000000016371	0.029999999999972715	2021.62	2021.66	Meleagris_gallopavo/Belgium/11293_001/2021	gE
cluster_321	Germany	Sweden	0.08000000000015461	0	2021.06	2021.14	chicken/Germany-MV/AI01587/2021	gE
cluster_322	Germany	Russian_Federation	0.5099999999999909	0.2699999999999818	2020.59	2020.83	greylag_goose/Germany-SH/AI02191/2020	gE
cluster_323	Poland	Germany	0	0	2020.93	2020.93	turkey/Poland/477/2020_H5N8	gE
cluster_324	Italy	Germany	0.3300000000001546	0.2400000000000091	2020.82	2020.91	common_teal/Italy/20VIR7608-73/2020	gE
cluster_325	Czech_Republic	Germany	0.3300000000001546	0.14000000000010004	2020.86	2021.05	mute_swan/Czech_Republic/2669-1/2021	gE
cluster_326	Poland	Germany	0.4399999999998272	0.38999999999987267	2020.92	2020.97	turkey/Poland/542/2020_H5N8	gE
cluster_327	Czech_Republic	Poland	0.19000000000005457	0.01999999999998181	2021.07	2021.24	chicken/Czech_Republic/6151-1/2021	gE
cluster_328	Czech_Republic	Poland	0	0	2021.25	2021.25	chicken/Czech_Republic/6532-1/2021	gE
cluster_329	Netherlands	Russian_Federation	0.19000000000005457	0.07000000000016371	2021	2021.12	eurasian_curlew/Netherlands/21024069-002/2021	gE
cluster_330	Georgia	Russian_Federation	0.13999999999987267	0.07999999999992724	2020.68	2020.74	green-winged-teal/Georgia/DT-22246/2020	gE
cluster_331	Norway	Russian_Federation	0.44000000000005457	0	2021.79	2022.23	sea_eagle/Norway/2022-07-198_22VIR3866-2/2022	gE
cluster_332	Romania	Russian_Federation	0.25	0.03999999999996362	2020.81	2021.02	whooper_swan/Romania/10213_21VIR2593-27/2021	gE
cluster_333	Germany	Russian_Federation	0.07000000000016371	0	2021.07	2021.14	turkey/Germany-NI/AI01483/2021	gE
cluster_334	Czech_Republic	Russian_Federation	0.5600000000001728	0.16000000000008185	2020.85	2021.25	peacock/Czech_Republic/6529-2/2021	gE
cluster_335	Poland	Czech_Republic	0.2599999999999909	0	2020.86	2021.12	mute_swan/Poland/MB131/2021	gE
cluster_336	China	Russian_Federation	1.650000000000091	1.3900000000001	2020.52	2020.78	Whooper_swan/Sanmenxia/G29/2020	gCN
cluster_337	Vietnam	China	0.6100000000001273	0.41000000000008185	2021.31	2021.51	chicken/Vietnam/HU14-LB11/2021	gSEA
cluster_338	Japan	China	0.3300000000001546	0.03000000000020009	2021.55	2021.85	chicken/Akita/7C/2021	gNA
cluster_339	Japan	China	0.049999999999954525	0.009999999999990905	2021.06	2021.1	chicken/Chiba/H2C/2021	gNA
cluster_340	Sweden	Russian_Federation	1.3399999999999181	1.1599999999998545	2020.72	2020.9	barnacle_goose/Sweden/SVA201201SZ0353/KN003624/2020	gE
cluster_341	Netherlands	Sweden	0.19000000000005457	0.16000000000008185	2020.82	2020.85	common_buzzard/Netherlands/21021023-002/2021	gE
cluster_342	Germany	Netherlands	0	0	2020.86	2020.86	chicken/Germany-MV/AI02431/2020	gE
cluster_343	France	Germany	0.08999999999991815	0.009999999999990905	2020.97	2021.05	curlew/France/21P003648/2021	gE
cluster_344	Sweden	France	0.13000000000010914	0.08999999999991815	2021.11	2021.15	Mute_Swan/Sweden/SVA210303SZ0392/KN000806/Kal/2021	gE
cluster_345	Germany	Russian_Federation	0.30999999999994543	0	2020.77	2021.08	turkey/Germany-MV/AI01015/2021	gE
cluster_346	Sweden	Russian_Federation	0.029999999999972715	0	2020.83	2020.86	barnacle_goose/Sweden/SVA201117SZ0468/KN003355/2020	gE
cluster_347	Netherlands	Russian_Federation	0.07999999999992724	0.029999999999972715	2020.74	2020.79	mute_swan/Netherlands/20015931-001/2020	gE
cluster_348	Norway	Netherlands	0.16999999999984539	0.05999999999994543	2020.9	2021.01	mute_swan/Norway/FU48/2021	gE
cluster_349	Lithuania	Russian_Federation	0.05999999999994543	0.05999999999994543	2021.15	2021.15	swan/Lithuania/1258PG1_21VIR2606-2/2021	gE
cluster_350	Germany	Russian_Federation	0.8299999999999272	0.7300000000000182	2020.72	2020.82	barnacle_goose/Germany-SH/AI02379/2020	gE
cluster_351	United_Kingdom	Germany	0.12000000000011823	0.10000000000013642	2020.84	2020.86	chicken/Scotland/043405/2020	gE
cluster_352	United_Kingdom	Germany	0.07000000000016371	0.07000000000016371	2020.85	2020.85	brent_goose/England/233339/2020	gE
cluster_353	Sweden	United_Kingdom	0.22000000000002728	0.029999999999972715	2021.07	2021.26	whooper_swan/Sweden/SVA210420SZ0485/FB0001581/W-2021	gE
cluster_354	Slovenia	Germany	0.01999999999998181	0.01999999999998181	2020.92	2020.92	mute_swan/Slovenia/1756-20_21VIR959-3/2020	gE
cluster_355	Poland	Germany	0.01999999999998181	0.01999999999998181	2020.9	2020.9	chicken/Poland/448/2020	gE
cluster_356	Sweden	Germany	0.6800000000000637	0.43000000000006366	2020.97	2021.22	Mallard/Sweden/SVA210827SZ0252/KN002973/D-2021	gE
cluster_357	Norway	Sweden	0.21000000000003638	0.029999999999972715	2021.27	2021.45	greylag_goose/Norway/V294_21VIR7634-1/2021	gE
cluster_358	Poland	Germany	0.12999999999988177	0.12999999999988177	2021.22	2021.22	chicken/Poland/H928_21RS1385-16/2021	gE
cluster_359	Bulgaria	Germany	0.33999999999991815	0.25	2021	2021.09	chicken/Bulgaria/274-5_21VIR4270-4/2021	gE
cluster_360	Albania	Bulgaria	0.2599999999999909	0.009999999999990905	2021.16	2021.41	chicken/Albania/2574_21VIR5387-1/2021	gE
cluster_361	Kosovo	Albania	1	0.7799999999999727	2021.16	2021.38	duck/Kosovo/107_21VIR5162-17/2021	gE
cluster_362	Croatia	Kosovo	0.01999999999998181	0.01999999999998181	2021.16	2021.16	mute_swan/Croatia/14/2021	gE
cluster_363	Nigeria	Russian_Federation	0.17000000000007276	0.060000000000172804	2020.99	2021.1	chicken/Nigeria/VRD21-53B_21VIR2288-5/2021	gA
cluster_364	Netherlands	Russian_Federation	0.43000000000006366	0.3500000000001364	2020.75	2020.83	barnacle_goose/Netherlands/21023498-002/2021	gE
cluster_365	Belgium	Netherlands	0.2400000000000091	0.029999999999972715	2021.06	2021.27	Gallus_gallus/Belgium/5107_002/2021__________________________	gE
cluster_366	United_Kingdom	Netherlands	0.03999999999996362	0.01999999999998181	2020.9	2020.92	seal/England/AVP-031141/2020	gE
cluster_367	Belgium	Netherlands	0	0	2021.16	2021.16	Aalopochen_Aegyptiaca/Belgium/2928_002/2021	gE
cluster_368	Belgium	Netherlands	0.01999999999998181	0.01999999999998181	2020.85	2020.85	Numenius_arquata/Belgium/11956_003/2020	gE
cluster_369	United_Kingdom	Belgium	0.12999999999988177	0.12999999999988177	2020.88	2020.88	whistling_duck/England/035643/2020	gE
cluster_370	Senegal	Russian_Federation	0.2400000000000091	0.07999999999992724	2020.82	2020.98	chicken/Senegal/21VIR1084-3/2021	gA
cluster_371	Lesotho	Senegal	0.01999999999998181	0.01999999999998181	2021.41	2021.41	chicken/Lesotho/341.10/2021	gA
cluster_372	Nigeria	Russian_Federation	0.31999999999993634	0	2020.8	2021.12	chicken/Nigeria/VRD21-98_21VIR2288-6/2021	gA
cluster_373	Burkina_Faso	Nigeria	0.5699999999999363	0.029999999999972715	2021.39	2021.93	avian/Burkina_Faso/21VIR11911-1/2021	gA
cluster_374	Netherlands	Russian_Federation	0.5799999999999272	0.5799999999999272	2020.79	2020.79	greylag_goose/Netherlands/20019685-002/2020	gE
cluster_375	Germany	Netherlands	0.14999999999986358	0	2021.13	2021.28	barnacle_goose/Germany-NI/AI03980/2021	gE
cluster_376	Germany	Netherlands	0.01999999999998181	0.01999999999998181	2021.32	2021.32	turkey/Germany-NI/AI04425/2021	gE
cluster_377	Germany	Netherlands	0.709999999999809	0.2999999999999545	2021.13	2021.54	oystercatcher/Germany-NI/AI05047/2021	gE
cluster_378	United_Kingdom	Germany	0.35999999999989996	0.2799999999999727	2021.73	2021.81	mute_swan/England/053054/2021	gE
cluster_379	United_Kingdom	Germany	0.009999999999990905	0.009999999999990905	2021.82	2021.82	pheasant/Wales/385129/2021	gE
cluster_380	Sweden	Germany	0.029999999999972715	0.029999999999972715	2021.83	2021.83	common_buzzard_/Sweden/SVA211104SZ0320/FB004419/M-2021	gE
cluster_381	United_Kingdom	Netherlands	0.10999999999989996	0.01999999999998181	2021.46	2021.55	great_skua/Scotland/041672/2021	gE
cluster_382	United_States	Netherlands	0.7999999999999545	0.4900000000000091	2021.69	2022	harbor_seal/Maine/22-020455-005-original/2022	gAm
cluster_383	Canada	United_States	0.06999999999993634	0.009999999999990905	2021.9	2021.96	chicken/NL/FAV-0033/2021	gAm
cluster_384	Canada	United_States	0.05999999999994543	0.05999999999994543	2022.28	2022.28	Broiler_chicken/BC/FAV-0228-OS/2022	gAm
cluster_385	Slovakia	Russian_Federation	0	0	2021.08	2021.08	mute_swan/Slovakia/Pah15_21VIR1086-3/2021	gE
cluster_386	Slovakia	Russian_Federation	0.16999999999984539	0.01999999999998181	2020.89	2021.04	chicken/Slovakia/Pah10_21VIR1086-5/2021	gE
cluster_387	China	Russian_Federation	0.5	0.03999999999996362	2021.51	2021.97	Cygnus_columbianus/Hubei/127/2021	gCN
cluster_388	Bangladesh	China	0.3200000000001637	0.21000000000003638	2021.86	2021.97	duck/Bangladesh/19D1874/2022	gWA
cluster_389	Sweden	Russian_Federation	0.14000000000010004	0	2021.76	2021.9	white-tailed_eagle/Sweden/SVA211201SZ0380/FB004721/M-2021	gE
cluster_390	Japan	Russian_Federation	0.4600000000000364	0.38000000000010914	2021.92	2022	white-tailed_eagle/Hokkaido/22-RU-WTE-2/2022	gNA
cluster_391	Italy	Russian_Federation	0.22000000000002728	0.22000000000002728	2021.82	2021.82	hawk/Italy/22VIR428-7/2022	gE
cluster_392	Czech_Republic	Russian_Federation	0.049999999999954525	0	2021.78	2021.83	mute_swan/Czech_Republic/21312/2021	gE
cluster_393	Germany	Russian_Federation	0.10999999999989996	0	2021.97	2022.08	swan/Germany-BW/AI00996/2022	gE
cluster_394	Netherlands	Russian_Federation	0.44000000000005457	0.37000000000011823	2021.73	2021.8	swan/Netherlands/21037791-001/2021	gE
cluster_395	Italy	Russian_Federation	0.35999999999989996	0.2400000000000091	2021.7	2021.82	chicken/Italy/IZSLT-122448_21VIR9218-1/2021	gE
cluster_396	Slovenia	Italy	0.009999999999990905	0.009999999999990905	2021.98	2021.98	swan/Slovenia/2041_22VIR777-2/2021	gE
cluster_397	Romania	Italy	0.1799999999998363	0.16999999999984539	2021.93	2021.94	swan/Romania/16905_22VIR2749-1/2021	gE
cluster_398	Bulgaria	Italy	0.20000000000004547	0.12000000000011823	2021.79	2021.87	hen/Bulgaria/854-1_22VIR778-10/2021	gE
cluster_399	Germany	Russian_Federation	0.13999999999987267	0	2021.66	2021.8	Eurasian_teal/Germany-BY/AI05977/2021	gE
cluster_400	Poland	Germany	0.5	0.3200000000001637	2021.67	2021.85	domestic_duck/Poland/H1942-N/2021	gE
cluster_401	Belgium	Poland	0	0	2021.98	2021.98	Buteo_buteo/belgium/334_0013/2021	gE
cluster_402	Germany	Poland	0.08999999999991815	0	2021.71	2021.8	barnacle_goose/Germany-SH/AI06005/2021	gE
cluster_403	Romania	Germany	0.5	0.14000000000010004	2021.73	2022.09	swan/Romania/10394_22VIR2749-3/2022	gE
cluster_404	Russian_Federation	Romania	0.7400000000000091	0.7400000000000091	2021.78	2021.78	chicken/Kursk/132-1V/2021	gNA
cluster_405	Czech_Republic	Russian_Federation	0.33999999999991815	0.1799999999998363	2021.74	2021.9	chicken/Czech_Republic/23404/2021	gE
cluster_406	Denmark	Russian_Federation	0.11999999999989086	0.01999999999998181	2021.72	2021.82	barnacle_goose/Denmark/24273-1.02/2021-10-26	gE
cluster_407	United_Kingdom	Denmark	0.13999999999987267	0.049999999999954525	2021.97	2022.06	domestic_duck/England/007588/2022	gE
cluster_408	Sweden	United_Kingdom	0.30999999999994543	0.08999999999991815	2022.18	2022.4	Northern_gannet/Sweden/SVA220525SZ0402/FB001671/O-2022	gE
cluster_409	Germany	Denmark	0.30999999999994543	0.30999999999994543	2021.8	2021.8	white-tailed_eagle/Germany-MV/AI05975/2021	gE
cluster_410	Netherlands	Germany	0.1799999999998363	0	2021.9	2022.08	Sanderling/Netherlands/1/2022	gE
cluster_411	Ireland	Denmark	0.35999999999989996	0.2799999999999727	2021.76	2021.84	white-tailed_eagle/Ireland/032034_22VIR1325-23/2021	gE
cluster_412	Slovenia	Russian_Federation	0.049999999999954525	0.009999999999990905	2021.95	2021.99	swan/Slovenia/2049_22VIR777-3/2021	gE
cluster_413	Italy	Russian_Federation	0.4800000000000182	0.3300000000001546	2021.66	2021.81	turkey/Italy/21VIR8816-1/2021	gE
cluster_414	Czech_Republic	Italy	0.2799999999999727	0.14999999999986358	2021.75	2021.88	goose/Czech_Republic/22608-3T/2021	gE
cluster_415	Italy	Czech_Republic	0.14000000000010004	0.08000000000015461	2022.06	2022.12	laying_hen/Italy/22VIR1521-2/2022	gE
cluster_416	Italy	Czech_Republic	0.290000000000191	0.01999999999998181	2021.86	2022.13	chicken/Italy/22VIR1694-5/2022	gE
cluster_417	Luxembourg	Italy	0.16999999999984539	0.14999999999986358	2021.88	2021.9	Canada_goose/Luxembourg/21239614/2021	gE
cluster_418	Poland	Italy	0.009999999999990905	0.009999999999990905	2021.83	2021.83	turkey/Poland/H1910-T3/2021	gE
cluster_419	Belgium	Russian_Federation	0.009999999999990905	0.009999999999990905	2022.06	2022.06	Anser_anser_domesticus/Belgium/1668_0016/2022	gE
cluster_420	Israel	Russian_Federation	0.13999999999987267	0.07999999999992724	2021.89	2021.95	Great_white_pelican/Israel/123/2022	gWA
cluster_421	Netherlands	Russian_Federation	0.18000000000006366	0.09000000000014552	2021.73	2021.82	Mallard/Netherlands/8/2021	gE
cluster_422	Spain	Netherlands	0.09000000000014552	0.09000000000014552	2022.08	2022.08	chicken/Spain/340-37_22VIR6312-37/2022	gE
cluster_423	Belgium	Netherlands	0.049999999999954525	0	2021.88	2021.93	Gallus_gallus/Belgium/15977/2021	gE
cluster_424	Romania	Russian_Federation	0.5299999999999727	0.30999999999994543	2021.68	2021.9	mute_swan/Romania/16790_21VIR11355/2021	gE
cluster_425	Italy	Romania	0.209999999999809	0	2021.88	2022.09	herring_gull/Italy/22VIR1710-3/2022	gE
cluster_426	Greece	Romania	0.10000000000013642	0.049999999999954525	2022.1	2022.15	pelican/Greece/64_SP_22VIR3126-7/2022	gE
cluster_427	Poland	Romania	0.009999999999990905	0.009999999999990905	2022.1	2022.1	duck/Poland/H126_22VIR2515-4/2022	gE
cluster_428	Belgium	Romania	0.8199999999999363	0.5299999999999727	2021.77	2022.06	Vulpes_vulpes/Belgium/8660_0016/2022	gE
cluster_429	Spain	Belgium	0.7400000000000091	0.5700000000001637	2021.92	2022.09	Anser_anser/Spain/750-3/2022	gE
cluster_430	Belgium	Spain	0.049999999999954525	0.01999999999998181	2022.23	2022.26	Branta_canadensis/Belgium/4821_0001/2022	gE
cluster_431	Netherlands	Belgium	0.30999999999994543	0.08999999999991815	2022.26	2022.48	Common_Tern/Netherlands/21/2022	gE
cluster_432	Netherlands	Belgium	0.14000000000010004	0	2022.36	2022.5	Eurasian_Curlew/Netherlands/2/2022	gE
cluster_433	France	Netherlands	0.15000000000009095	0.15000000000009095	2022.36	2022.36	gull/France/22P015977/2022	gE
cluster_434	Netherlands	Belgium	0.6000000000001364	0.6000000000001364	2022.11	2022.11	Mallard/Netherlands/11/2022	gE
cluster_435	Netherlands	Belgium	0.8700000000001182	0.7799999999999727	2021.87	2021.96	Herring_Gull/Netherlands/1/2021	gE
cluster_436	Spain	Netherlands	0.44000000000005457	0.44000000000005457	2022	2022	stork/Spain/538-2_22VIR2142-14/2022	gE
