mean	stderr_mean	stdev	variance	median	mode	geom_mean	hpd_interval_low	hpd_interval_high	act	ess	name	epoch	from	to	bf	mj_prop	from_i	to_i	type
0.09669033096690327	0.004255128804165417	0.2955504102441765	0.08735004499550103	0	0	0	0	1	2.0732379183388274	4823.85543479412	Changhua.Chiayi	0	Changhua	Chiayi	1.2844808501217617	0.004890934696285091	6	9	geo.indicators.epoch0.Changhua.Chiayi
0.04679532046795297	0.00214101607962175	0.21121074547026972	0.044609979002107066	0	0	0	0	0	1.0277670583062184	9730.804192617205	Changhua.Hsinchu	0	Changhua	Hsinchu	0.5891115073953603	8.184483911844641e-5	6	2	geo.indicators.epoch0.Changhua.Hsinchu
0.04469553044695529	0.0021000159718878816	0.20664488812701376	0.04270210978902603	0	0	0	0	0	1.0329581281802112	9681.902612663514	Changhua.Hualien	0	Changhua	Hualien	0.5614402344567718	8.466707495011699e-5	6	13	geo.indicators.epoch0.Changhua.Hualien
0.14598540145985447	0.004851787348797895	0.35310923435514735	0.12468613138687835	0	0	0	0	1	1.8883053327236592	5296.28330052679	Changhua.Kaohsiung	0	Changhua	Kaohsiung	2.051282051282059	0.0032766158005695274	6	11	geo.indicators.epoch0.Changhua.Kaohsiung
0.1807819218078186	0.005274581213321914	0.38485663374447865	0.14811462853713178	0	0	0	0	1	1.8787321529525316	5323.270794233694	Changhua.Miaoli	0	Changhua	Miaoli	2.6481142438667047	0.004402687897406083	6	4	geo.indicators.epoch0.Changhua.Miaoli
0.1235876412358767	0.006001432700309502	0.32912697784174816	0.10832456754324257	0	0	0	0	1	3.3255981604565967	3007.2785458321537	Changhua.Nantou	0	Changhua	Nantou	1.6921848260125547	0.002926658557442377	6	7	geo.indicators.epoch0.Changhua.Nantou
0.19998000199980026	0.00928725255556158	0.4000049994687944	0.16000399960003023	0	0	0	0	1	5.3917596885684524	1854.8675344719102	Changhua.Pingtung	0	Changhua	Pingtung	2.999625046869146	0.016191166966294038	6	12	geo.indicators.epoch0.Changhua.Pingtung
0.04839516048395175	0.00230382297666591	0.2146105175255221	0.046057674232572426	0	0	0	0	0	1.1526118001843235	8676.815557849277	Changhua.Taichung	0	Changhua	Taichung	0.6102763475885278	9.313378244512869e-5	6	5	geo.indicators.epoch0.Changhua.Taichung
0.5055494450554954	0.011013355554343381	0.4999942005462795	0.2499942005799132	1	1	0	0	1	4.85284299787766	2060.85381381055	Changhua.Tainan	0	Changhua	Tainan	12.269362992922188	0.04152637802720072	6	10	geo.indicators.epoch0.Changhua.Tainan
0.10848915108489156	0.0035855048881386236	0.3110127442843901	0.09672892710730742	0	0	0	0	1	1.3293248446995345	7523.368001340946	Changhua.Taoyuan	0	Changhua	Taoyuan	1.4602960969044423	0.0021336102887429477	6	1	geo.indicators.epoch0.Changhua.Taoyuan
0.1300869913008697	0.004836925327211269	0.3364159366495114	0.11317568243176807	0	0	0	0	1	2.0676284446891375	4836.942549174314	Changhua.Yilan	0	Changhua	Yilan	1.7944827586206864	0.0027291020492254377	6	3	geo.indicators.epoch0.Changhua.Yilan
0.2362763723627637	0.010442159823849372	0.42481512827424495	0.1804678932106632	0	0	0	0	1	6.043208499710287	1654.915596653574	Changhua.Yunlin	0	Changhua	Yunlin	3.7124901806755686	0.04970521746738201	6	8	geo.indicators.epoch0.Changhua.Yunlin
0.045895410458954226	0.002207151903352068	0.20926872833734803	0.04379340065993077	0	0	0	0	0	1.1126091611215123	8988.780920983045	Chiayi.Hsinchu	0	Chiayi	Hsinchu	0.5772374764200393	7.337813162343471e-5	9	2	geo.indicators.epoch0.Chiayi.Hsinchu
0.042195780421957874	0.002096723787588864	0.20104561190483197	0.04041933806618831	0	0	0	0	0	1.0878777698760818	9193.128379798767	Chiayi.Hualien	0	Chiayi	Hualien	0.5286564359536496	9.877825410846982e-5	9	13	geo.indicators.epoch0.Chiayi.Hualien
0.20037996200379962	0.005602232810144192	0.40030470346277064	0.16024385561441673	0	0	0	0	1	1.9589699495828623	5105.2340042937285	Chiayi.Kaohsiung	0	Chiayi	Kaohsiung	3.007127672877329	0.005441270683460851	9	11	geo.indicators.epoch0.Chiayi.Kaohsiung
0.18958104189581057	0.005393304988299034	0.3919890744096516	0.15365543445653534	0	0	0	0	1	1.8934284126250098	5281.953061079727	Chiayi.Miaoli	0	Chiayi	Miaoli	2.807156076495993	0.0052296029960855585	9	4	geo.indicators.epoch0.Chiayi.Miaoli
0.24397560243975647	0.00908420527201122	0.4294996542544891	0.18446995300472568	0	0	0	0	1	4.474402983354494	2235.158531139315	Chiayi.Nantou	0	Chiayi	Nantou	3.872503637085051	0.007185412427433261	9	7	geo.indicators.epoch0.Chiayi.Nantou
0.17038296170382966	0.007880176125094741	0.3759876903911554	0.14136674332567534	0	0	0	0	1	4.393508286143026	2276.3129937737476	Chiayi.Pingtung	0	Chiayi	Pingtung	2.464505242858866	0.013368931134623473	9	12	geo.indicators.epoch0.Chiayi.Pingtung
0.04409559044095601	0.0022638088332157568	0.205317764602933	0.04215538446154541	0	0	0	0	0	1.2159432338603133	8224.890538885886	Chiayi.Taichung	0	Chiayi	Taichung	0.5535564853556499	9.877825410846982e-5	9	5	geo.indicators.epoch0.Chiayi.Taichung
0.47015298470153005	0.01109397854266369	0.49913331545127554	0.24913406659338252	0	0	0	0	1	4.941153897221274	2024.021151339609	Chiayi.Tainan	0	Chiayi	Tainan	10.64804680128327	0.044687282158671744	9	10	geo.indicators.epoch0.Chiayi.Tainan
0.5678432156784322	0.007372594857389577	0.4954006841095469	0.2454218378162071	1	1	0	0	1	2.2152073747592294	4514.701473981418	Chiayi.Taoyuan	0	Chiayi	Taoyuan	15.767700138824623	0.016772547547618175	9	1	geo.indicators.epoch0.Chiayi.Taoyuan
0.16198380161983714	0.0051657592411747215	0.36845437185297314	0.135758624137569	0	0	0	0	1	1.9660191746854	5086.929023263645	Chiayi.Yilan	0	Chiayi	Yilan	2.3195322753847845	0.004351887652436013	9	3	geo.indicators.epoch0.Chiayi.Yilan
0.10408959104089555	0.004953535872704981	0.305391999850389	0.09326427357261999	0	0	0	0	1	2.6314926874933335	3800.5045757989915	Chiayi.Yunlin	0	Chiayi	Yunlin	1.3941964285714232	0.010984141856861845	9	8	geo.indicators.epoch0.Chiayi.Yunlin
0.06209379062093772	0.00245308701406269	0.24133788679449958	0.058243975602434696	0	0	0	0	1	1.0333840407808552	9677.912184944284	Hsinchu.Hualien	0	Hsinchu	Hualien	0.7944562899786756	0	2	13	geo.indicators.epoch0.Hsinchu.Hualien
0.06509349065093495	0.00246773749497277	0.24670308826322557	0.060862413758612864	0	0	0	0	1	1.00077305096982	9993.27468930975	Hsinchu.Kaohsiung	0	Hsinchu	Kaohsiung	0.8355080213903748	4.2333537475058495e-5	2	11	geo.indicators.epoch0.Hsinchu.Kaohsiung
0.07069293070692914	0.002636164482836848	0.25632403281595	0.06570200979903222	0	0	0	0	1	1.0579209287451474	9453.447538714148	Hsinchu.Miaoli	0	Hsinchu	Miaoli	0.9128469980632644	1.0442272577181095e-4	2	4	geo.indicators.epoch0.Hsinchu.Miaoli
0.06639336066393337	0.002535778593848234	0.24898088451106304	0.06199148085191131	0	0	0	0	1	1.0374746799966794	9639.753328757874	Hsinchu.Nantou	0	Hsinchu	Nantou	0.8533790296669133	4.2333537475058495e-5	2	7	geo.indicators.epoch0.Hsinchu.Nantou
0.0625937406259371	0.002537032627710277	0.2422429190643329	0.058681631836808947	0	0	0	0	1	1.0970761588984372	9116.048980630389	Hsinchu.Pingtung	0	Hsinchu	Pingtung	0.8012799999999959	4.7978009138399625e-5	2	12	geo.indicators.epoch0.Hsinchu.Pingtung
0.068593140685932	0.0026207626728158833	0.25277363499570193	0.06389451054894035	0	0	0	0	1	1.075173857078695	9301.751464803332	Hsinchu.Taichung	0	Hsinchu	Taichung	0.8837359098228745	5.6444716633411325e-6	2	5	geo.indicators.epoch0.Hsinchu.Taichung
0.0703929607039296	0.0025579532572429543	0.25582090525686024	0.06544433556643946	0	0	0	0	1	1	10001	Hsinchu.Tainan	0	Hsinchu	Tainan	0.908680219425621	5.080024497007019e-5	2	10	geo.indicators.epoch0.Hsinchu.Tainan
0.07089291070892895	0.0026111441831366674	0.25665870846464606	0.06587369263074017	0	0	0	0	1	1.0352292934791758	9660.661713299147	Hsinchu.Taoyuan	0	Hsinchu	Taoyuan	0.9156263452432177	8.748931078178755e-5	2	1	geo.indicators.epoch0.Hsinchu.Taoyuan
0.06509349065093514	0.00269234078775452	0.24670308826322504	0.06086241375861261	0	0	0	0	1	1.1912358189457712	8395.48294379761	Hsinchu.Yilan	0	Hsinchu	Yilan	0.8355080213903777	1.9755650821693965e-5	2	3	geo.indicators.epoch0.Hsinchu.Yilan
0.06509349065093491	0.002537578381015593	0.24670308826322637	0.06086241375861327	0	0	0	0	1	1.0582215799954355	9450.761720473643	Hsinchu.Yunlin	0	Hsinchu	Yunlin	0.8355080213903744	8.748931078178755e-5	2	8	geo.indicators.epoch0.Hsinchu.Yunlin
0.07009299070093003	0.0027698997790733875	0.2553164337677403	0.06518648135187692	0	0	0	0	1	1.1772194437630805	8495.442419835477	Hualien.Kaohsiung	0	Hualien	Kaohsiung	0.9045161290322598	7.620036745510528e-5	13	11	geo.indicators.epoch0.Hualien.Kaohsiung
0.0704929507049294	0.0026995060610856703	0.2559887633770247	0.06553024697529833	0	0	0	0	1	1.112278810127699	8991.4506227551	Hualien.Miaoli	0	Hualien	Miaoli	0.9100688468158333	1.4675626324686943e-4	13	4	geo.indicators.epoch0.Hualien.Miaoli
0.06769323067693246	0.0025650984985902837	0.2512313043455601	0.06311716828317145	0	0	0	0	1	1.0426713520802173	9591.708816059021	Hualien.Nantou	0	Hualien	Nantou	0.8712998712998734	3.668906581171736e-5	13	7	geo.indicators.epoch0.Hualien.Nantou
0.0662933706629339	0.002704466103885493	0.24880665088588563	0.06190474952505098	0	0	0	0	1	1.1817509744754513	8462.86587953878	Hualien.Pingtung	0	Hualien	Pingtung	0.8520025701435024	4.7978009138399625e-5	13	12	geo.indicators.epoch0.Hualien.Pingtung
0.06699330066993305	0.002572584826843022	0.2500228966617404	0.0625114488551273	0	0	0	0	1	1.0589286470331976	9444.451264983549	Hualien.Taichung	0	Hualien	Taichung	0.8616439824241781	2.8222358316705662e-6	13	5	geo.indicators.epoch0.Hualien.Taichung
0.06919308069193027	0.0025777048922478243	0.2537948754725629	0.06441183881613372	0	0	0	0	1	1.031781053392817	9692.947905094403	Hualien.Tainan	0	Hualien	Tainan	0.8920399613277399	6.208918829675247e-5	13	10	geo.indicators.epoch0.Hualien.Tainan
0.07049295070492938	0.0026076951177874345	0.25598876337702603	0.06553024697529902	0	0	0	0	1	1.037907565442566	9635.73282726343	Hualien.Taoyuan	0	Hualien	Taoyuan	0.910068846815833	7.902260328677586e-5	13	1	geo.indicators.epoch0.Hualien.Taoyuan
0.06429357064293621	0.002519385988622443	0.24528743018683696	0.06016592340766242	0	0	0	0	1	1.055177902161789	9478.022596483981	Hualien.Yilan	0	Hualien	Yilan	0.8245351570848541	2.257788665336453e-5	13	3	geo.indicators.epoch0.Hualien.Yilan
0.06509349065093548	0.002466784204212063	0.24670308826322737	0.06086241375861375	0	0	0	0	1	1	10001	Hualien.Yunlin	0	Hualien	Yunlin	0.8355080213903822	3.951130164338793e-5	13	8	geo.indicators.epoch0.Hualien.Yunlin
0.10728927107289271	0.0036592814130296846	0.3094961408707037	0.09578786121385849	0	0	0	0	1	1.3981958143772997	7152.78925681382	Kaohsiung.Miaoli	0	Kaohsiung	Miaoli	1.442204301075269	0.0012474282375983903	11	4	geo.indicators.epoch0.Kaohsiung.Miaoli
0.07509249075092495	0.0031277300581070955	0.2635537022024569	0.06946055394462133	0	0	0	0	1	1.4086631041094286	7099.63934657232	Kaohsiung.Nantou	0	Kaohsiung	Nantou	0.9742702702702708	5.023579780373608e-4	11	7	geo.indicators.epoch0.Kaohsiung.Nantou
0.07089291070892902	0.002669074330655568	0.25665870846464717	0.06587369263074075	0	0	0	0	1	1.0816734815979978	9245.858542473592	Kaohsiung.Pingtung	0	Kaohsiung	Pingtung	0.9156263452432187	4.7413561972065515e-4	11	12	geo.indicators.epoch0.Kaohsiung.Pingtung
0.06559344065593432	0.0025113795627032093	0.247582451504502	0.06129707029297908	0	0	0	0	1	1.0291338144457185	9717.881056494525	Kaohsiung.Taichung	0	Kaohsiung	Taichung	0.8423756019261626	2.257788665336453e-5	11	5	geo.indicators.epoch0.Kaohsiung.Taichung
0.0679932006799319	0.002531140243827068	0.25174682193380765	0.06337646235377227	0	0	0	0	1	1.0110934082129002	9891.27208105994	Kaohsiung.Tainan	0	Kaohsiung	Tainan	0.875442549082715	3.7817960144385585e-4	11	10	geo.indicators.epoch0.Kaohsiung.Tainan
0.09699030096990292	0.003196164639121899	0.2959593566791385	0.08759194080592951	0	0	0	0	1	1.1664899193005989	8573.584592995347	Kaohsiung.Taoyuan	0	Kaohsiung	Taoyuan	1.288893810209278	0.0010131826635697333	11	1	geo.indicators.epoch0.Kaohsiung.Taoyuan
0.09089091090890901	0.003241318174046829	0.2874682872916453	0.08263801619839191	0	0	0	0	1	1.2715993585739978	7864.898588196335	Kaohsiung.Yilan	0	Kaohsiung	Yilan	1.1997360316761974	8.438485136694993e-4	11	3	geo.indicators.epoch0.Kaohsiung.Yilan
0.10798920107989186	0.003618451803717659	0.3103822905440778	0.09633716628338831	0	0	0	0	1	1.3593727873342158	7357.0694464263615	Kaohsiung.Yunlin	0	Kaohsiung	Yunlin	1.4527519336397243	0.0019783873180010667	11	8	geo.indicators.epoch0.Kaohsiung.Yunlin
0.07919208079192071	0.002756180272362764	0.27005182317712245	0.0729279872012878	0	0	0	0	1	1.0418564075675443	9599.2114914853355	Miaoli.Nantou	0	Miaoli	Nantou	1.0320338799000963	3.7817960144385585e-4	4	7	geo.indicators.epoch0.Miaoli.Nantou
0.07499250074992499	0.0026336607490763933	0.2633924115151174	0.06937556244374893	0	0	0	0	1	1	10001	Miaoli.Pingtung	0	Miaoli	Pingtung	0.9728677980758834	5.446915155124192e-4	4	12	geo.indicators.epoch0.Miaoli.Pingtung
0.06269373062693716	0.0024239915641749072	0.24242339633312596	0.05876910308968787	0	0	0	0	1	1	10001	Miaoli.Taichung	0	Miaoli	Taichung	0.8026456155323215	1.411117915835283e-5	4	5	geo.indicators.epoch0.Miaoli.Taichung
0.0694930506949305	0.002544310147310592	0.25430342698576025	0.0646702329767019	0	0	0	0	1	1.0012038916885455	9988.97435679476	Miaoli.Tainan	0	Miaoli	Tainan	0.8961960025789812	3.302015923054563e-4	4	10	geo.indicators.epoch0.Miaoli.Tainan
0.08659134086591347	0.0030710570799127646	0.28124933756547826	0.07910118988102033	0	0	0	0	1	1.1925582883018415	8386.172900815649	Miaoli.Taoyuan	0	Miaoli	Taoyuan	1.1376026272578006	7.563592028877117e-4	4	1	geo.indicators.epoch0.Miaoli.Taoyuan
0.07399260073992579	0.0027428959287015336	0.26177193804003995	0.06852454754523853	0	0	0	0	1	1.0981441127456935	9107.183550795045	Miaoli.Yilan	0	Miaoli	Yilan	0.9588597343699354	4.2897984641392605e-4	4	3	geo.indicators.epoch0.Miaoli.Yilan
0.07489251074892518	0.0027943361205991896	0.26323098401385636	0.0692905509449031	0	0	0	0	1	1.127119930399927	8873.057542733206	Miaoli.Yunlin	0	Miaoli	Yunlin	0.9714656290531788	5.475137513440898e-4	4	8	geo.indicators.epoch0.Miaoli.Yunlin
0.2247775222477753	0.007007173181792898	0.41745660013790054	0.17427001299869496	0	0	0	0	1	2.8180577794648243	3548.8981357576295	Nantou.Pingtung	0	Nantou	Pingtung	3.4794273184573727	0.0074111912939669065	7	12	geo.indicators.epoch0.Nantou.Pingtung
0.0684931506849312	0.0025937385479776506	0.2526028883011473	0.0638082191780819	0	0	0	0	1	1.054538945788724	9483.76543127094	Nantou.Taichung	0	Nantou	Taichung	0.8823529411764663	3.386682998004679e-5	7	5	geo.indicators.epoch0.Nantou.Taichung
0.0738926107389257	0.0026158297011098877	0.26160912840802286	0.0684393360664054	0	0	0	0	1	1	10001	Nantou.Tainan	0	Nantou	Tainan	0.9574605916648615	4.572022047306318e-4	7	10	geo.indicators.epoch0.Nantou.Tainan
0.09749025097490262	0.00328199811307379	0.2966390070944021	0.08799470052995274	0	0	0	0	1	1.224353962156085	8168.389460175599	Nantou.Taoyuan	0	Nantou	Taoyuan	1.2962552625747856	9.623824185996631e-4	7	1	geo.indicators.epoch0.Nantou.Taoyuan
0.08489151084891465	0.002984004276260907	0.27873412193153163	0.07769271072894195	0	0	0	0	1	1.1463189252288988	8724.448126862238	Nantou.Yilan	0	Nantou	Yilan	1.1131993006992942	5.926695246508189e-4	7	3	geo.indicators.epoch0.Nantou.Yilan
0.10658934106589339	0.0037712354335307945	0.30860585905390575	0.09523757624239915	0	0	0	0	1	1.4936395739930621	6695.72510941415	Nantou.Yunlin	0	Nantou	Yunlin	1.4316731952993842	0.0018203421114275152	7	8	geo.indicators.epoch0.Nantou.Yunlin
0.03929607039296068	0.002087824791584091	0.19430816872576348	0.03775566443355977	0	0	0	0	0	1.1547629400319468	8660.652029344932	Pingtung.Taichung	0	Pingtung	Taichung	0.49084096586178155	9.031154661345812e-5	12	5	geo.indicators.epoch0.Pingtung.Taichung
0.06029397060293963	0.0025788951666750517	0.23804258772884915	0.05666427357264685	0	0	0	0	1	1.1739373096763135	8519.194268352838	Pingtung.Tainan	0	Pingtung	Tainan	0.7699510534156194	0.0019812095538327373	12	10	geo.indicators.epoch0.Pingtung.Tainan
0.06919308069193042	0.0028847437813782416	0.2537948754725629	0.0644118388161337	0	0	0	0	1	1.2922175907004068	7739.408650658645	Pingtung.Taoyuan	0	Pingtung	Taoyuan	0.8920399613277421	0.0012897617750734487	12	1	geo.indicators.epoch0.Pingtung.Taoyuan
0.08309169083091693	0.0036081769817938305	0.276034563944383	0.07619508049196567	0	0	0	0	1	1.7089745120406068	5852.047487857658	Pingtung.Yilan	0	Pingtung	Yilan	1.0874591057797167	0.0017892975172791388	12	3	geo.indicators.epoch0.Pingtung.Yilan
0.8618138186181381	0.0059936109754307465	0.34511254647289225	0.1191026697330042	1	1	0	0	1	3.016771801932093	3315.1330815260385	Pingtung.Yunlin	0	Pingtung	Yunlin	74.83936324167868	0.08555043476542987	12	8	geo.indicators.epoch0.Pingtung.Yunlin
0.06889311068893116	0.002595194720184583	0.25328494758577613	0.06415326467352936	0	0	0	0	1	1.0500451916877458	9524.351979485107	Taichung.Tainan	0	Taichung	Tainan	0.8878865979381451	6.773365996009358e-5	5	10	geo.indicators.epoch0.Taichung.Tainan
0.07079292070792945	0.0025858756009840738	0.25649144471869845	0.06578786121388513	0	0	0	0	1	1.0166146030213403	9837.552962821313	Taichung.Taoyuan	0	Taichung	Taoyuan	0.914236522113422	8.748931078178755e-5	5	1	geo.indicators.epoch0.Taichung.Taoyuan
0.06759324067593224	0.0026261838869105435	0.2510591502620462	0.0630306969303007	0	0	0	0	1	1.0944224927142918	9138.152830902065	Taichung.Yilan	0	Taichung	Yilan	0.8699195710455742	3.668906581171736e-5	5	3	geo.indicators.epoch0.Taichung.Yilan
0.06939306069393045	0.0026083381934696513	0.254134062234546	0.0645841215878321	0	0	0	0	1	1.0536318707869823	9491.930034851754	Taichung.Yunlin	0	Taichung	Yunlin	0.8948103577952058	7.055589579176416e-5	5	8	geo.indicators.epoch0.Taichung.Yunlin
0.1262873712628739	0.0040873764090347256	0.3321895618611149	0.1103499050094795	0	0	0	0	1	1.5142729306331055	6604.489717595798	Tainan.Taoyuan	0	Tainan	Taoyuan	1.7344930189974852	0.0025738790784835563	10	1	geo.indicators.epoch0.Tainan.Taoyuan
0.11318868113188635	0.004310899772838101	0.31683914104139144	0.10038704129584675	0	0	0	0	1	1.8515909592236461	5401.300946183773	Tainan.Yilan	0	Tainan	Yilan	1.5316270154470557	0.002212632892029724	10	3	geo.indicators.epoch0.Tainan.Yilan
0.12638736126387384	0.006489057674898189	0.33230202758369276	0.11042463753623331	0	0	0	0	1	3.8140303145039476	2622.160595307363	Tainan.Yunlin	0	Tainan	Yunlin	1.7360650108733011	0.01993909615075255	10	8	geo.indicators.epoch0.Tainan.Yunlin
0.07579242075792408	0.002790624774592161	0.26467892720529507	0.07005493450654589	0	0	0	0	1	1.111862323851253	8994.818679851187	Taoyuan.Yilan	0	Taoyuan	Yilan	0.984096072703666	3.668906581171736e-4	1	3	geo.indicators.epoch0.Taoyuan.Yilan
0.07229277072292752	0.0027282862281587253	0.2589850047333307	0.06707323267672331	0	0	0	0	1	1.1099859406250525	9010.024031807341	Taoyuan.Yunlin	0	Taoyuan	Yunlin	0.9351153265790014	3.499572431271502e-4	1	8	geo.indicators.epoch0.Taoyuan.Yunlin
0.07269273072692728	0.0026430886836797123	0.2596444462647843	0.06741523847614646	0	0	0	0	1	1.036459293351695	9649.197092592836	Yilan.Yunlin	0	Yilan	Yunlin	0.9406944144921281	5.221136288590547e-4	3	8	geo.indicators.epoch0.Yilan.Yunlin
0.08019198080191946	0.0034961558380664664	0.27160376127674174	0.07376860313967332	0	0	0	0	1	1.657283704322849	6034.573304445975	Chiayi.Changhua	0	Chiayi	Changhua	1.0462006739862981	0.002856102661650613	9	6	geo.indicators.epoch0.Chiayi.Changhua
0.0694930506949305	0.002542779991858425	0.2543034269857597	0.06467023297670162	0	0	0	0	1	1	10001	Hsinchu.Changhua	0	Hsinchu	Changhua	0.8961960025789812	2.5400122485035095e-5	2	6	geo.indicators.epoch0.Hsinchu.Changhua
0.06819318068193174	0.0026061645380574382	0.25208971632635424	0.06354922507750176	0	0	0	0	1	1.0690062825762219	9355.417421774519	Hualien.Changhua	0	Hualien	Changhua	0.8782058160746853	2.8222358316705662e-6	13	6	geo.indicators.epoch0.Hualien.Changhua
0.06849315068493163	0.0025463522628284612	0.2526028883011473	0.06380821917808191	0	0	0	0	1	1.016359142561315	9840.025618106405	Kaohsiung.Changhua	0	Kaohsiung	Changhua	0.8823529411764723	1.5522297074188114e-4	11	6	geo.indicators.epoch0.Kaohsiung.Changhua
0.06499350064993516	0.0025486912317891092	0.24652671753332503	0.06077542245775583	0	0	0	0	1	1.0690384307689829	9355.136085057355	Miaoli.Changhua	0	Miaoli	Changhua	0.8341353865896716	1.1006719743515209e-4	4	6	geo.indicators.epoch0.Miaoli.Changhua
0.0768923107689233	0.002720148164044076	0.2664338216178148	0.07098698130187357	0	0	0	0	1	1.0425412961399378	9592.905371738472	Nantou.Changhua	0	Nantou	Changhua	0.9995667244367447	3.330238281371268e-4	7	6	geo.indicators.epoch0.Nantou.Changhua
0.05749425057494234	0.0027005420643414417	0.2327962211719567	0.05419408059194258	0	0	0	0	1	1.3459746931807555	7430.303148097103	Pingtung.Changhua	0	Pingtung	Changhua	0.7320178230426457	0.0011571166909849322	12	6	geo.indicators.epoch0.Pingtung.Changhua
0.069093090690930975	0.0026074308851021123	0.2536250528501824	0.06432566743325782	0	0	0	0	1	1.0571294320095619	9460.525548880509	Taichung.Changhua	0	Taichung	Changhua	0.8906552094522028	1.1288943326682265e-5	5	6	geo.indicators.epoch0.Taichung.Changhua
0.11778822117788218	0.004386258417922109	0.32237330464115843	0.10392454754526113	0	0	0	0	1	1.851642504903772	5401.1505857712755	Tainan.Changhua	0	Tainan	Changhua	1.6021761305678337	0.004614355584781376	10	6	geo.indicators.epoch0.Tainan.Changhua
0.06999300069993006	0.0025884084671689094	0.25514797657636584	0.06510048995101374	0	0	0	0	1	1.0293622116565082	9715.724831112482	Taoyuan.Changhua	0	Taoyuan	Changhua	0.9031286958391579	9.313378244512869e-5	1	6	geo.indicators.epoch0.Taoyuan.Changhua
0.0704929507049294	0.002589655557694427	0.25598876337702664	0.06553024697529934	0	0	0	0	1	1.0235971245874176	9770.445578411638	Yilan.Changhua	0	Yilan	Changhua	0.9100688468158333	2.2577886653364529e-4	3	6	geo.indicators.epoch0.Yilan.Changhua
0.8524147585241473	0.010062258962910856	0.35470610138277575	0.12581641835816798	1	1	0	0	1	8.048973860627024	1242.518633203874	Yunlin.Changhua	0	Yunlin	Changhua	69.30894308943073	0.09949227977388247	8	6	geo.indicators.epoch0.Yunlin.Changhua
0.06819318068193189	0.002682335961779718	0.25208971632635424	0.06354922507750176	0	0	0	0	1	1.1324080286223903	8831.62230151841	Hsinchu.Chiayi	0	Hsinchu	Chiayi	0.8782058160746874	1.411117915835283e-5	2	9	geo.indicators.epoch0.Hsinchu.Chiayi
0.0649935006499353	0.0025231379186085824	0.246526717533325	0.060775422457755815	0	0	0	0	1	1.0477094205968034	9545.58563986488	Hualien.Chiayi	0	Hualien	Chiayi	0.8341353865896736	1.411117915835283e-5	13	9	geo.indicators.epoch0.Hualien.Chiayi
0.06989301069893006	0.0026787098497067347	0.2549793688755089	0.06501447855215284	0	0	0	0	1	1.1038958994658834	9059.731089533852	Kaohsiung.Chiayi	0	Kaohsiung	Chiayi	0.9017415609546328	1.8908980072192792e-4	11	9	geo.indicators.epoch0.Kaohsiung.Chiayi
0.062493750624937505	0.002551438561963589	0.24206226592747324	0.058594140585942776	0	0	0	0	1	1.1112272836855188	8999.959006433393	Miaoli.Chiayi	0	Miaoli	Chiayi	0.7999146757679181	1.7215638573190453e-4	4	9	geo.indicators.epoch0.Miaoli.Chiayi
0.07269273072692731	0.0025972974006447766	0.25964444626478445	0.06741523847614653	0	0	0	0	1	1.0008572539574916	9992.433946454428	Nantou.Chiayi	0	Nantou	Chiayi	0.9406944144921284	2.9915699815708e-4	7	9	geo.indicators.epoch0.Nantou.Chiayi
0.05299470052994707	0.002344108108297874	0.22403410649255093	0.05019128087191565	0	0	0	0	1	1.0949993208833384	9133.338997810675	Pingtung.Chiayi	0	Pingtung	Chiayi	0.6715235983528676	8.410262778378287e-4	12	9	geo.indicators.epoch0.Pingtung.Chiayi
0.06749325067493277	0.0026231247651071097	0.2508868381949373	0.06294420557945264	0	0	0	0	1	1.0933746316246276	9146.910592885877	Taichung.Chiayi	0	Taichung	Chiayi	0.8685395668024912	8.466707495011698e-6	5	9	geo.indicators.epoch0.Taichung.Chiayi
0.15208479152084778	0.006484468633493271	0.3591210147146465	0.12896790320967735	0	0	0	0	1	3.2610240609678165	3066.828031017923	Tainan.Chiayi	0	Tainan	Chiayi	2.1523584905660353	0.011974746633778214	10	9	geo.indicators.epoch0.Tainan.Chiayi
0.07859214078592122	0.0027657678122010383	0.2691145810509304	0.07242265773421777	0	0	0	0	1	1.056437557138201	9466.721371674681	Taoyuan.Chiayi	0	Taoyuan	Chiayi	1.0235485621269644	5.023579780373608e-4	1	9	geo.indicators.epoch0.Taoyuan.Chiayi
0.06549345065493486	0.0025004614072742346	0.24740690972992396	0.061210178982110744	0	0	0	0	1	1.021653240888145	9789.035652944161	Yilan.Chiayi	0	Yilan	Chiayi	0.8410014979670497	2.79401347335386e-4	3	9	geo.indicators.epoch0.Yilan.Chiayi
0.9398060193980599	0.006546646022205091	0.2378577776062257	0.05657632236777272	1	1	0	0	1	7.576870409642059	1319.938108915401	Yunlin.Chiayi	0	Yunlin	Chiayi	187.35548172757365	0.21230269043741834	8	9	geo.indicators.epoch0.Yunlin.Chiayi
0.06409359064093573	0.002504597618250151	0.24493182896453797	0.05999160083991368	0	0	0	0	1	1.0458570543337868	9562.492272302603	Hualien.Hsinchu	0	Hualien	Hsinchu	0.8217948717948692	2.8222358316705662e-6	13	2	geo.indicators.epoch0.Hualien.Hsinchu
0.059994000599940124	0.002396087191283551	0.23748759960051072	0.0564003599640125	0	0	0	0	1	1.0181463621998232	9822.752770428488	Kaohsiung.Hsinchu	0	Kaohsiung	Hsinchu	0.7658759706414227	8.466707495011698e-6	11	2	geo.indicators.epoch0.Kaohsiung.Hsinchu
0.06189381061893823	0.0025028346517418777	0.24097463169943464	0.05806877312267817	0	0	0	0	1	1.078967895468168	9269.043168018015	Miaoli.Hsinchu	0	Miaoli	Hsinchu	0.791728842464295	8.466707495011698e-6	4	2	geo.indicators.epoch0.Miaoli.Hsinchu
0.06339366063393659	0.002487142425888924	0.24368184568366943	0.05938084191579968	0	0	0	0	1	1.041937851399444	9598.461162119691	Nantou.Hsinchu	0	Nantou	Hsinchu	0.8122130885021882	1.6933414990023396e-5	7	2	geo.indicators.epoch0.Nantou.Hsinchu
0.03629637036296385	0.0019469007794823163	0.18703593707046282	0.03498244175582613	0	0	0	0	0	1.0837381775818704	9228.24369103162	Pingtung.Hsinchu	0	Pingtung	Hsinchu	0.4519609877567979	8.748931078178755e-5	12	2	geo.indicators.epoch0.Pingtung.Hsinchu
0.06609339066093405	0.00248432853068242	0.24845769635356316	0.061731226877319384	0	0	0	0	1	1	10001	Taichung.Hsinchu	0	Taichung	Hsinchu	0.8492505353319078	0	5	2	geo.indicators.epoch0.Taichung.Hsinchu
0.04589541045895435	0.0021390858674130496	0.20926872833734683	0.04379340065993027	0	0	0	0	0	1.0450441077026995	9569.930997443742	Tainan.Hsinchu	0	Tainan	Hsinchu	0.577237476420041	3.104459414837623e-5	10	2	geo.indicators.epoch0.Tainan.Hsinchu
0.06719328067193267	0.002503439164366212	0.2503689508282505	0.06268461153883892	0	0	0	0	1	1	10001	Taoyuan.Hsinchu	0	Taoyuan	Hsinchu	0.86440132918855	5.6444716633411325e-6	1	2	geo.indicators.epoch0.Taoyuan.Hsinchu
0.06189381061893815	0.0024752120986536947	0.2409746316994326	0.05806877312267718	0	0	0	0	1	1.05528324433995	9477.076466096403	Yilan.Hsinchu	0	Yilan	Hsinchu	0.791728842464294	1.9755650821693965e-5	3	2	geo.indicators.epoch0.Yilan.Hsinchu
0.014098590140986135	0.0011959577782666834	0.11790339214379884	0.013901209879014406	0	0	0	0	0	1.029119837159726	9718.013042681034	Yunlin.Hsinchu	0	Yunlin	Hsinchu	0.171602434077082	1.0724496160348151e-4	8	2	geo.indicators.epoch0.Yunlin.Hsinchu
0.06159384061593868	0.0024040436765607642	0.24042840809284538	0.057805819418059796	0	0	0	0	1	1	10001	Kaohsiung.Hualien	0	Kaohsiung	Hualien	0.7876398508257895	2.5400122485035095e-5	11	13	geo.indicators.epoch0.Kaohsiung.Hualien
0.06359364063593649	0.002582050420126768	0.24403984194296982	0.059555444455549694	0	0	0	0	1	1.119682322343773	8931.997764388585	Miaoli.Hualien	0	Miaoli	Hualien	0.8149492792311811	1.1288943326682265e-5	4	13	geo.indicators.epoch0.Miaoli.Hualien
0.06439356064393556	0.002530816592737568	0.24546497651300814	0.060253054694531634	0	0	0	0	1	1.0632346740144394	9406.201889785416	Nantou.Hualien	0	Nantou	Hualien	0.8259057390189157	2.822235831670566e-5	7	13	geo.indicators.epoch0.Nantou.Hualien
0.03219678032196778	0.0018523589097858082	0.17653119745142187	0.0311632636736329	0	0	0	0	0	1.101270986127521	9081.325237821113	Pingtung.Hualien	0	Pingtung	Hualien	0.39921479491683	6.208918829675247e-5	12	13	geo.indicators.epoch0.Pingtung.Hualien
0.06889311068893043	0.0025928004143704773	0.2532849475857787	0.06415326467353065	0	0	0	0	1	1.0481085589331944	9541.950511480802	Taichung.Hualien	0	Taichung	Hualien	0.8878865979381351	2.8222358316705662e-6	5	13	geo.indicators.epoch0.Taichung.Hualien
0.04899510048995123	0.0022267734920229858	0.21586857130207024	0.04659924007599698	0	0	0	0	0	1.0642903039428544	9396.872228328588	Tainan.Hualien	0	Tainan	Hualien	0.618231521396281	5.3622480801740756e-5	10	13	geo.indicators.epoch0.Tainan.Hualien
0.0627937206279374	0.002547687467964025	0.2426036981263203	0.05885655434456675	0	0	0	0	1	1.1030223759971731	9066.905819529477	Taoyuan.Hualien	0	Taoyuan	Hualien	0.804011522458127	5.6444716633411325e-6	1	13	geo.indicators.epoch0.Taoyuan.Hualien
0.06649335066493349	0.0025293409967272365	0.24915495616341618	0.062078192180793836	0	0	0	0	1	1.0307718749672738	9702.43779722601	Yilan.Hualien	0	Yilan	Hualien	0.8547557840616964	2.257788665336453e-5	3	13	geo.indicators.epoch0.Yilan.Hualien
0.016898310168983008	0.001408546566748565	0.12889692997951385	0.016614418558143697	0	0	0	0	0	1.1943844103124603	8373.351086677078	Yunlin.Hualien	0	Yunlin	Hualien	0.20626525630593864	1.2982284825684604e-4	8	13	geo.indicators.epoch0.Yunlin.Hualien
0.08149185081491943	0.0029745416755677188	0.27360265744067047	0.07485841415859687	0	0	0	0	1	1.1821874597899595	8459.741234082188	Miaoli.Kaohsiung	0	Miaoli	Kaohsiung	1.0646636185499805	6.491142412842302e-4	4	11	geo.indicators.epoch0.Miaoli.Kaohsiung
0.08999100089990952	0.003119165201399716	0.28618317546459304	0.08190080991899805	0	0	0	0	1	1.1881613257364263	8417.207144662234	Nantou.Kaohsiung	0	Nantou	Kaohsiung	1.1866827821118489	8.494929853328404e-4	7	11	geo.indicators.epoch0.Nantou.Kaohsiung
0.10008999100090009	0.003851611161136549	0.30013495614605396	0.09008099190079374	0	0	0	0	1	1.6471705465883788	6071.623864762566	Pingtung.Kaohsiung	0	Pingtung	Kaohsiung	1.3346666666666693	0.002226744071188077	12	11	geo.indicators.epoch0.Pingtung.Kaohsiung
0.06999300069993007	0.002551224643299155	0.25514797657636723	0.06510048995101443	0	0	0	0	1	1	10001	Taichung.Kaohsiung	0	Taichung	Kaohsiung	0.903128695839158	6.773365996009358e-5	5	11	geo.indicators.epoch0.Taichung.Kaohsiung
0.13248675132486762	0.004548767556945125	0.33903614180418373	0.11494550544946658	0	0	0	0	1	1.800455326231716	5554.705998138654	Tainan.Kaohsiung	0	Tainan	Kaohsiung	1.8326417704011084	0.002765791115037155	10	11	geo.indicators.epoch0.Tainan.Kaohsiung
0.08359164083591669	0.0030581521277436435	0.27678825630093673	0.07661173882611304	0	0	0	0	1	1.220983250368978	8190.939553820844	Taoyuan.Kaohsiung	0	Taoyuan	Kaohsiung	1.0945990180032774	6.773365996009359e-4	1	11	geo.indicators.epoch0.Taoyuan.Kaohsiung
0.13808619138086206	0.0041214510363312565	0.3450076766831326	0.11903029697029296	0	0	0	0	1	1.42734719805894	7006.704474987188	Yilan.Kaohsiung	0	Yilan	Kaohsiung	1.9225058004640396	0.0023593891552765936	3	11	geo.indicators.epoch0.Yilan.Kaohsiung
0.3463653634636532	0.007903439808013018	0.4758350954860218	0.2264190380961915	0	0	0	0	1	2.759346335052708	3624.4091120257885	Yunlin.Kaohsiung	0	Yunlin	Kaohsiung	6.358880220284522	0.013484642803721966	8	11	geo.indicators.epoch0.Yunlin.Kaohsiung
0.12228777122287773	0.003598792560439055	0.3276342558088976	0.10734420557945015	0	0	0	0	1	1.206762695223117	8287.462016839132	Nantou.Miaoli	0	Nantou	Miaoli	1.6719070403280933	0.001665119140685634	7	4	geo.indicators.epoch0.Nantou.Miaoli
0.22977702229776972	0.005931842974687912	0.4207103995339332	0.1769972402760017	0	0	0	0	1	1.9883812157502214	5029.719613513144	Pingtung.Miaoli	0	Pingtung	Miaoli	3.57990393353238	0.006191985414685222	12	4	geo.indicators.epoch0.Pingtung.Miaoli
0.0694930506949305	0.0025816896274868887	0.2543034269857622	0.0646702329767029	0	0	0	0	1	1.0308381641353839	9701.81387142214	Taichung.Miaoli	0	Taichung	Miaoli	0.8961960025789812	1.0724496160348151e-4	5	4	geo.indicators.epoch0.Taichung.Miaoli
0.1802819718028197	0.005712925560298252	0.38444136156759107	0.14779516048394328	0	0	0	0	1	2.2087358057384057	4527.92949433649	Tainan.Miaoli	0	Tainan	Miaoli	2.6391802878750914	0.00418819797419912	10	4	geo.indicators.epoch0.Tainan.Miaoli
0.09519048095190444	0.0031253953058917833	0.2934925317846909	0.08613786621338783	0	0	0	0	1	1.134233986100008	8817.404629522527	Taoyuan.Miaoli	0	Taoyuan	Miaoli	1.2624599403248924	9.454490036096396e-4	1	4	geo.indicators.epoch0.Taoyuan.Miaoli
0.13368663133686667	0.0038222252337844122	0.34033233374195726	0.11582609739024699	0	0	0	0	1	1.2615747309335288	7927.3940376084975	Yilan.Miaoli	0	Yilan	Miaoli	1.8518005540166262	0.0021025656945945718	3	4	geo.indicators.epoch0.Yilan.Miaoli
0.1532846715328465	0.005152884544308755	0.36027969669965065	0.12980145985399225	0	0	0	0	1	2.046011644722056	4888.046471191322	Yunlin.Miaoli	0	Yunlin	Miaoli	2.172413793103445	0.005240891939412242	8	4	geo.indicators.epoch0.Yunlin.Miaoli
0.3380661933806619	0.009484649656685174	0.4730748566749064	0.2237998200179832	0	0	0	0	1	4.020404114633782	2487.560880658135	Pingtung.Nantou	0	Pingtung	Nantou	6.1287009063444104	0.010591851076259635	12	7	geo.indicators.epoch0.Pingtung.Nantou
0.06809319068093199	0.002587910331370641	0.25191834731641377	0.06346285371463328	0	0	0	0	1	1.0555181518129988	9474.967325594445	Taichung.Nantou	0	Taichung	Nantou	0.8768240343347651	3.668906581171736e-5	5	7	geo.indicators.epoch0.Taichung.Nantou
0.18218178182182124	0.008360753351876497	0.38601357405158887	0.1490064793520815	0	0	0	0	1	4.692156881585256	2131.4291598496466	Tainan.Nantou	0	Tainan	Nantou	2.673187431226373	0.00463693347143474	10	7	geo.indicators.epoch0.Tainan.Nantou
0.07779222077792212	0.0028136330821571273	0.2678577331784318	0.07174776522348797	0	0	0	0	1	1.103604339694127	9062.124567915218	Taoyuan.Nantou	0	Taoyuan	Nantou	1.0122519787487791	4.656689122256434e-4	1	7	geo.indicators.epoch0.Taoyuan.Nantou
0.09109089091090888	0.0032043596250092873	0.2877527060481318	0.08280161983802256	0	0	0	0	1	1.2403107950401417	8063.301585371048	Yilan.Nantou	0	Yilan	Nantou	1.2026402640264025	8.156261553527936e-4	3	7	geo.indicators.epoch0.Yilan.Nantou
0.1844815518448158	0.007324812344013651	0.3878958026128296	0.15046315368465124	0	0	0	0	1	3.5665613588823617	2804.101484218954	Yunlin.Nantou	0	Yunlin	Nantou	2.7145659637077046	0.00782605996122248	8	7	geo.indicators.epoch0.Yunlin.Nantou
0.07239276072392765	0.0028026855259413825	0.2591500803078819	0.06715876412358163	0	0	0	0	1	1.1698573295132801	8548.905706442787	Taichung.Pingtung	0	Taichung	Pingtung	0.9365096475153613	3.951130164338793e-5	5	12	geo.indicators.epoch0.Taichung.Pingtung
0.18328167183281732	0.009523145665029906	0.38691661834699553	0.14970446955307462	0	0	0	0	1	6.059167277755307	1650.5568408246675	Tainan.Pingtung	0	Tainan	Pingtung	2.6929480901077483	0.01395313395177928	10	12	geo.indicators.epoch0.Tainan.Pingtung
0.07349265073492656	0.0027547909466220156	0.26095649095393936	0.06809829017099342	0	0	0	0	1	1.1146228475124889	8972.541718769984	Taoyuan.Pingtung	0	Taoyuan	Pingtung	0.9518670407943024	2.8786805483039775e-4	1	12	geo.indicators.epoch0.Taoyuan.Pingtung
0.07419258074192592	0.00287874928016096	0.26209713945203555	0.06869491050893978	0	0	0	0	1	1.206618493127378	8288.452445378054	Yilan.Pingtung	0	Yilan	Pingtung	0.9616589264499422	7.168479012443238e-4	3	12	geo.indicators.epoch0.Yilan.Pingtung
0.670532946705328	0.016027177619920372	0.47004319582289084	0.22094060593939652	1	1	0	0	1	11.628545962444527	860.0387384888155	Yunlin.Pingtung	0	Yunlin	Pingtung	24.422458270106066	0.09659102133892512	8	12	geo.indicators.epoch0.Yunlin.Pingtung
0.04949505049495034	0.0022941295772436207	0.21691010811050151	0.04704999500050945	0	0	0	0	0	1.1188275739161717	8938.821524566149	Tainan.Taichung	0	Tainan	Taichung	0.6248685041026699	6.491142412842302e-5	10	5	geo.indicators.epoch0.Tainan.Taichung
0.06429357064293584	0.002467112197209039	0.24528743018683835	0.0601659234076631	0	0	0	0	1	1.0118451838184144	9883.923113869145	Taoyuan.Taichung	0	Taoyuan	Taichung	0.824535157084849	5.6444716633411325e-6	1	5	geo.indicators.epoch0.Taoyuan.Taichung
0.06609339066093411	0.002526677716969753	0.24845769635356332	0.06173122687731947	0	0	0	0	1	1.0343836486548679	9668.559642261835	Yilan.Taichung	0	Yilan	Taichung	0.8492505353319088	1.6933414990023396e-5	3	5	geo.indicators.epoch0.Yilan.Taichung
0.017898210178981938	0.001409207395269789	0.13258816703534676	0.01757962203779301	0	0	0	0	0	1.1298665418220175	8851.487879154678	Yunlin.Taichung	0	Yunlin	Taichung	0.2186927306047628	1.5240073491021056e-4	8	5	geo.indicators.epoch0.Yunlin.Taichung
0.06989301069893006	0.002566248195439395	0.2549793688755085	0.06501447855215262	0	0	0	0	1	1.013150784117928	9871.186161798312	Taoyuan.Tainan	0	Taoyuan	Tainan	0.9017415609546328	3.2173488481044454e-4	1	10	geo.indicators.epoch0.Taoyuan.Tainan
0.07729227077292299	0.0028842913114068783	0.267067982860659	0.07132530746926126	0	0	0	0	1	1.1665985853771914	8572.785982563504	Yilan.Tainan	0	Yilan	Tainan	1.0052015604681446	4.7413561972065515e-4	3	10	geo.indicators.epoch0.Yilan.Tainan
0.4980501949805029	0.013116748074102994	0.5000211974308456	0.25002119788017674	0	0	0	0	1	6.882756063685067	1453.0516420257102	Yunlin.Tainan	0	Yunlin	Tainan	11.90677290836658	0.07890971385350902	8	10	geo.indicators.epoch0.Yunlin.Tainan
0.10808919108089185	0.0033804064426659988	0.3105085481015908	0.09641555844415793	0	0	0	0	1	1.185434534204641	8436.568795180327	Yilan.Taoyuan	0	Yilan	Taoyuan	1.454260089686098	0.0013744288500235657	3	1	geo.indicators.epoch0.Yilan.Taoyuan
0.13138686131386854	0.004980641200638918	0.3378398532194655	0.11413576642335002	0	0	0	0	1	2.173880208846258	4600.529486078639	Yunlin.Taoyuan	0	Yunlin	Taoyuan	1.815126050420167	0.004524044038167918	8	1	geo.indicators.epoch0.Yunlin.Taoyuan
0.6011398860114006	0.00898302092665313	0.4896883708338906	0.23979470052994997	1	1	0	0	1	3.3658293753055153	2971.3330311321	Yunlin.Yilan	0	Yunlin	Yilan	18.085735773376914	0.023368112686232286	8	3	geo.indicators.epoch0.Yunlin.Yilan
0.9702029797020295	0.006507612015225688	0.17003543393987067	0.028912048795120125	1	1	0	1	1	14.650461012703056	682.6406344024517	Changhua.Chiayi	1	Changhua	Chiayi	390.72483221476125	0.15107258524059233	6	9	geo.indicators.epoch1.Changhua.Chiayi
0.623537646235376	0.015849063531468345	0.4845223666742143	0.23476192380758176	1	1	0	0	1	10.702035995636987	934.49508150385725	Changhua.Hsinchu	1	Changhua	Hsinchu	19.87569721115534	0.02309448415646617	6	2	geo.indicators.epoch1.Changhua.Hsinchu
0.014698530146985377	0.0012335556444529492	0.12034920692235612	0.01448393160684009	0	0	0	0	0	1.0507947126491863	9517.55835807949	Changhua.Hualien	1	Changhua	Hualien	0.17901359853866544	2.1639244934613414e-5	6	13	geo.indicators.epoch1.Changhua.Hualien
0.040395960403959846	0.002847735207859382	0.19689591971312428	0.03876800319967708	0	0	0	0	0	2.0922454459577726	4780.031912279688	Changhua.Kaohsiung	1	Changhua	Kaohsiung	0.5051578618318256	6.455708072159669e-4	6	11	geo.indicators.epoch1.Changhua.Kaohsiung
0.2673732626737343	0.01298084118227675	0.44261087826782985	0.19590438956101972	0	0	0	0	1	8.60296904575272	1162.505635765072	Changhua.Miaoli	1	Changhua	Miaoli	4.379418588781258	0.005083419289222935	6	4	geo.indicators.epoch1.Changhua.Miaoli
0.7717228277172291	0.013455085352335236	0.4197431614306789	0.17618432156782096	1	1	0	0	1	10.27761891080986	973.0853115677488	Changhua.Nantou	1	Changhua	Nantou	40.56767411300939	0.028363640298044536	6	7	geo.indicators.epoch1.Changhua.Nantou
0.25597440255974396	0.01992200025159658	0.43642932182048194	0.1904705529446858	0	0	0	0	1	20.841304289567574	479.86440104932154	Changhua.Pingtung	1	Changhua	Pingtung	4.1284773551941925	0.017994835433542272	6	12	geo.indicators.epoch1.Changhua.Pingtung
0.5156484351564821	0.019984098910311682	0.499780053613411	0.24978010198982398	1	1	0	0	1	15.9918297298527	625.3818461642737	Changhua.Taichung	1	Changhua	Taichung	12.775392237819869	0.010233559583660928	6	5	geo.indicators.epoch1.Changhua.Taichung
0.5585441455854399	0.025257435854871127	0.496585582025886	0.24659724027598795	1	1	0	0	1	25.87480943588134	386.5149238985825	Changhua.Tainan	1	Changhua	Tainan	15.182785956964794	0.06139234114990948	6	10	geo.indicators.epoch1.Changhua.Tainan
0.28997100289970973	0.007915824490476047	0.45377131813180716	0.20590840915907774	0	0	0	0	1	3.043722706714477	3285.778950210449	Changhua.Taoyuan	1	Changhua	Taoyuan	4.900718208702993	0.005247516896643753	6	1	geo.indicators.epoch1.Changhua.Taoyuan
0.01769823017698226	0.0014641993831103837	0.13185879313063714	0.01738674132586816	0	0	0	0	0	1.2333010486077092	8109.131190061234	Changhua.Yilan	1	Changhua	Yilan	0.21620521172638385	3.786867863557348e-5	6	3	geo.indicators.epoch1.Changhua.Yilan
0.9940005999400057	0.0022847088211097356	0.07722696161082968	0.005964003599640561	1	1	0	1	1	8.754083295070348	1142.4382956958866	Changhua.Yunlin	1	Changhua	Yunlin	1988.19999999989	0.19033158536321473	6	8	geo.indicators.epoch1.Changhua.Yunlin
0.12488751124887504	0.008220646497444731	0.3306078490372474	0.10930154984503536	0	0	0	0	1	6.18404271607776	1617.2268626150683	Chiayi.Hsinchu	1	Chiayi	Hsinchu	1.7125228519195599	0.0032801488780051504	9	2	geo.indicators.epoch1.Chiayi.Hsinchu
0.029297070292970434	0.0017578927543894904	0.16864636325878218	0.028441595840413118	0	0	0	0	0	1.0867199652109685	9202.922850560193	Chiayi.Hualien	1	Chiayi	Hualien	0.3621755253399225	1.622943370096006e-5	9	13	geo.indicators.epoch1.Chiayi.Hualien
0.049495050494950336	0.003028664620801573	0.21691010811050632	0.04704999500051154	0	0	0	0	0	1.9499776862468952	5128.7766370541585	Chiayi.Kaohsiung	1	Chiayi	Kaohsiung	0.6248685041026698	4.291783578698328e-4	9	11	geo.indicators.epoch1.Chiayi.Kaohsiung
0.1871812818718124	0.017470094599640617	0.39007648485083624	0.15215966403358466	0	0	0	0	1	20.062166353501958	498.5005020783447	Chiayi.Miaoli	1	Chiayi	Miaoli	2.7634395374584746	0.0030763793215375407	9	4	geo.indicators.epoch1.Chiayi.Miaoli
0.3192680731926813	0.015263186306826167	0.4662163706151264	0.21735770422954087	0	0	0	0	1	10.72018368816	932.9131189277746	Chiayi.Nantou	1	Chiayi	Nantou	5.6280846063454915	0.009714217705230205	9	7	geo.indicators.epoch1.Chiayi.Nantou
0.20847915208479095	0.024647172877382596	0.4062414267284161	0.1650320967903391	0	0	0	0	1	36.81736131127074	271.6381523229487	Chiayi.Pingtung	1	Chiayi	Pingtung	3.1606872157655275	0.012895186710618378	9	12	geo.indicators.epoch1.Chiayi.Pingtung
0.13058694130586948	0.010477800580354241	0.33696490242376514	0.11354534546545758	0	0	0	0	1	9.670696981050972	1034.1550375941085	Chiayi.Taichung	1	Chiayi	Taichung	1.8024151811385867	0.00202687594220879	9	5	geo.indicators.epoch1.Chiayi.Taichung
0.3400659934006613	0.024375104083245138	0.47375474208122614	0.22444355564444912	0	0	0	0	1	26.47723755952882	377.7206733714095	Chiayi.Tainan	1	Chiayi	Tainan	6.183636363636402	0.03274919393812619	9	10	geo.indicators.epoch1.Chiayi.Tainan
0.2747725227477256	0.007266228398785579	0.446421897703167	0.19929251074889687	0	0	0	0	1	2.64980530818127	3774.2395522878332	Chiayi.Taoyuan	1	Chiayi	Taoyuan	4.546532469323047	0.004720961936568161	9	1	geo.indicators.epoch1.Chiayi.Taoyuan
0.03019698030196992	0.001782835254760341	0.1711375212946807	0.029288051194887293	0	0	0	0	0	1.085472453102723	9213.499588509192	Chiayi.Yilan	1	Chiayi	Yilan	0.37364676770801264	2.1639244934613414e-5	9	3	geo.indicators.epoch1.Chiayi.Yilan
0.09559044095590438	0.006455601086654891	0.29404345570786317	0.08646155384462209	0	0	0	0	1	4.82100065408916	2074.465596995341	Chiayi.Yunlin	1	Chiayi	Yunlin	1.2683250414593696	0.004179980813202825	9	8	geo.indicators.epoch1.Chiayi.Yunlin
0.03969603039696007	0.002042199855525831	0.19525385423402428	0.0381240675932416	0	0	0	0	0	1.0941682435808853	9140.276240580442	Hsinchu.Hualien	1	Hsinchu	Hualien	0.4960433152852947	5.409811233653354e-6	2	13	geo.indicators.epoch1.Hsinchu.Hualien
0.038196180381961924	0.001940562915946507	0.1916791744280083	0.036740905909402835	0	0	0	0	0	1.0251618821206645	9755.532442653632	Hsinchu.Kaohsiung	1	Hsinchu	Kaohsiung	0.4765568146376978	5.409811233653354e-5	2	11	geo.indicators.epoch1.Hsinchu.Kaohsiung
0.04039596040395991	0.002030944324534407	0.19689591971312503	0.03876800319967738	0	0	0	0	0	1.0641661930139823	9397.96816103948	Hsinchu.Miaoli	1	Hsinchu	Miaoli	0.5051578618318264	1.0999949508428486e-4	2	4	geo.indicators.epoch1.Hsinchu.Miaoli
0.03689631036896318	0.0018849779709102553	0.18851664687072225	0.035538526147380595	0	0	0	0	0	1	10001	Hsinchu.Nantou	1	Hsinchu	Nantou	0.459717607973423	3.967194904679127e-5	2	7	geo.indicators.epoch1.Hsinchu.Nantou
0.04189581041895793	0.002122214010137981	0.20036108789743134	0.04014456554344221	0	0	0	0	0	1.1221177878858108	8912.611588524005	Hsinchu.Pingtung	1	Hsinchu	Pingtung	0.5247338760175306	2.8852326579484556e-5	2	12	geo.indicators.epoch1.Hsinchu.Pingtung
0.04139586041395869	0.00212183117890037	0.19921398389383219	0.039686211378852025	0	0	0	0	0	1.134668156478199	8814.03073039545	Hsinchu.Taichung	1	Hsinchu	Taichung	0.5182017315114229	1.4606490330864056e-4	2	5	geo.indicators.epoch1.Hsinchu.Taichung
0.038896110388960944	0.002051150025666698	0.19335703066054738	0.037386941305863855	0	0	0	0	0	1.1255421722583099	8885.495582927646	Hsinchu.Tainan	1	Hsinchu	Tainan	0.48564294631710153	9.557333179454258e-5	2	10	geo.indicators.epoch1.Hsinchu.Tainan
0.09449055094490617	0.0038906678477552943	0.29252460227426397	0.08557064293571631	0	0	0	0	1	1.7693362341061039	5652.402187452325	Hsinchu.Taoyuan	1	Hsinchu	Taoyuan	1.2522084805653808	0.0010693393538521462	2	1	geo.indicators.epoch1.Hsinchu.Taoyuan
0.039296070392960535	0.0021329031942655756	0.19430816872576223	0.03775566443355928	0	0	0	0	0	1.2051664313353052	8298.438904342076	Hsinchu.Yilan	1	Hsinchu	Yilan	0.49084096586177967	1.8032704112177848e-6	2	3	geo.indicators.epoch1.Hsinchu.Yilan
0.053294670532946564	0.002334926954829854	0.2246316853442614	0.05045939406060326	0	0	0	0	1	1.0806658338264132	9254.479679984455	Hsinchu.Yunlin	1	Hsinchu	Yunlin	0.6755386565272478	3.498344597762502e-4	2	8	geo.indicators.epoch1.Hsinchu.Yunlin
0.037996200379962326	0.0020700786828239236	0.19119661185692455	0.03655614438556746	0	0	0	0	0	1.1724657819159332	8529.886461724544	Hualien.Kaohsiung	1	Hualien	Kaohsiung	0.4739632054879992	1.8032704112177848e-6	13	11	geo.indicators.epoch1.Hualien.Kaohsiung
0.03779622037796222	0.0019659137783040854	0.19071261853825042	0.03637130286971622	0	0	0	0	0	1.0628131743363252	9409.932283014026	Hualien.Miaoli	1	Hualien	Miaoli	0.471370674425855	0	13	4	geo.indicators.epoch1.Hualien.Miaoli
0.04239576042395766	0.0021264127400813086	0.20150042123533352	0.04060241975801685	0	0	0	0	0	1.1138586171901403	8978.697875704262	Hualien.Nantou	1	Hualien	Nantou	0.5312728411819992	0	13	7	geo.indicators.epoch1.Hualien.Nantou
0.035196480351964786	0.0019161818512076138	0.18428533281738474	0.033961083891614265	0	0	0	0	0	1.0813810554201817	9248.358799955127	Hualien.Pingtung	1	Hualien	Pingtung	0.43776557156181967	7.213081644871139e-6	13	12	geo.indicators.epoch1.Hualien.Pingtung
0.03629637036296385	0.001910799981987505	0.18703593707046146	0.03498244175582562	0	0	0	0	0	1.0439199368869745	9580.236612611807	Hualien.Taichung	1	Hualien	Taichung	0.4519609877567979	0	13	5	geo.indicators.epoch1.Hualien.Taichung
0.03959604039596067	0.0020530760265626696	0.19501793968841183	0.03803199680031303	0	0	0	0	0	1.1085308666192022	9021.850722570363	Hualien.Tainan	1	Hualien	Tainan	0.49474232170744753	5.409811233653354e-6	13	10	geo.indicators.epoch1.Hualien.Tainan
0.0404959504049592	0.0020131591857599834	0.19712918101741594	0.038859914008597146	0	0	0	0	0	1.043136767832871	9587.429288660966	Hualien.Taoyuan	1	Hualien	Taoyuan	0.5064610254272575	3.6065408224355694e-5	13	1	geo.indicators.epoch1.Hualien.Taoyuan
0.03539646035396449	0.001905608882860042	0.18478897505931507	0.034146965303472165	0	0	0	0	0	1.0636586553190375	9402.45251612254	Hualien.Yilan	1	Hualien	Yilan	0.440344148439928	0	13	3	geo.indicators.epoch1.Hualien.Yilan
0.03979602039796029	0.002006783906108117	0.19548943293220886	0.038216118388156584	0	0	0	0	0	1.0540021572843319	9488.595379887909	Hualien.Yunlin	1	Hualien	Yunlin	0.49734457981880775	1.8032704112177847e-5	13	8	geo.indicators.epoch1.Hualien.Yunlin
0.04739526047395253	0.002212864681293212	0.21249344614256438	0.045153464653542905	0	0	0	0	0	1.0846896330730964	9220.148967097246	Kaohsiung.Miaoli	1	Kaohsiung	Miaoli	0.5970399916028122	1.2983546960768048e-4	11	4	geo.indicators.epoch1.Kaohsiung.Miaoli
0.036496350364963605	0.0020191635899388547	0.1875310193319478	0.03516788321167938	0	0	0	0	0	1.1595344034443806	8625.013600538432	Kaohsiung.Nantou	1	Kaohsiung	Nantou	0.4545454545454558	1.8032704112177848e-6	11	7	geo.indicators.epoch1.Kaohsiung.Nantou
0.035996400359963814	0.0019679297874249236	0.18629044416460702	0.034704129587046564	0	0	0	0	0	1.116155997163468	8960.217053365248	Kaohsiung.Pingtung	1	Kaohsiung	Pingtung	0.4480862981018542	7.573735727114696e-5	11	12	geo.indicators.epoch1.Kaohsiung.Pingtung
0.03939606039396019	0.0020789281695724475	0.19454509816616405	0.037847795220482414	0	0	0	0	0	1.142155504896945	8756.250753177761	Kaohsiung.Taichung	1	Kaohsiung	Taichung	0.4921411470802486	4.327848986922683e-5	11	5	geo.indicators.epoch1.Kaohsiung.Taichung
0.0692930706929307	0.003781735550481588	0.25396454516523265	0.0644979902009835	0	0	0	0	1	2.2178030938596516	4509.417462573389	Kaohsiung.Tainan	1	Kaohsiung	Tainan	0.8934250107434464	0.0012514696653851427	11	10	geo.indicators.epoch1.Kaohsiung.Tainan
0.050594940505949426	0.0023105823882858118	0.21918005386075615	0.04803989601040396	0	0	0	0	1	1.111546699327408	8997.372765401185	Kaohsiung.Taoyuan	1	Kaohsiung	Taoyuan	0.6394944707740919	2.903265362060633e-4	11	1	geo.indicators.epoch1.Kaohsiung.Taoyuan
0.03699630036996261	0.0020028262154935463	0.18876211719069524	0.035631136886313766	0	0	0	0	0	1.1260137909583738	8881.77398918706	Kaohsiung.Yilan	1	Kaohsiung	Yilan	0.4610113176201797	1.8032704112177848e-6	11	3	geo.indicators.epoch1.Kaohsiung.Yilan
0.13088691130886868	0.009640049630763722	0.3372934972833884	0.11376690330965916	0	0	0	0	1	8.170139225049146	1224.0917473398185	Kaohsiung.Yunlin	1	Kaohsiung	Yunlin	1.8071790151863714	0.0046722736354652804	11	8	geo.indicators.epoch1.Kaohsiung.Yunlin
0.037196280371962716	0.0019383967997164918	0.1892519441648335	0.03581629837016926	0	0	0	0	0	1.049280310409277	9531.294832073101	Miaoli.Nantou	1	Miaoli	Nantou	0.46359954304704426	1.2622892878524493e-5	4	7	geo.indicators.epoch1.Miaoli.Nantou
0.04239576042395766	0.0020932889262725582	0.2015004212353355	0.040602419758017635	0	0	0	0	0	1.079427031812192	9265.100562851256	Miaoli.Pingtung	1	Miaoli	Pingtung	0.5312728411819992	5.409811233653354e-5	4	12	geo.indicators.epoch1.Miaoli.Pingtung
0.04419558044195617	0.002055191166306053	0.2055396685422601	0.042246555344462144	0	0	0	0	0	1	10001	Miaoli.Taichung	1	Miaoli	Taichung	0.5548697562506587	4.8688301102880183e-5	4	5	geo.indicators.epoch1.Miaoli.Taichung
0.03629637036296383	0.0019469012931191121	0.1870359370704644	0.03498244175582672	0	0	0	0	0	1.0837387494116055	9228.238821791549	Miaoli.Tainan	1	Miaoli	Tainan	0.4519609877567976	3.245886740192012e-5	4	10	geo.indicators.epoch1.Miaoli.Tainan
0.06759324067593202	0.0030241455400458425	0.25105915026204584	0.0630306969303005	0	0	0	0	1	1.4512429459882616	6891.334099260382	Miaoli.Taoyuan	1	Miaoli	Taoyuan	0.8699195710455709	5.572105570662955e-4	4	1	geo.indicators.epoch1.Miaoli.Taoyuan
0.04069593040695936	0.0020202583089041926	0.19759472572020678	0.03904367563244375	0	0	0	0	0	1.045562411354104	9565.187014563522	Miaoli.Yilan	1	Miaoli	Yilan	0.5090681676047538	0	4	3	geo.indicators.epoch1.Miaoli.Yilan
0.04439556044395541	0.002150518050789864	0.2059826136261986	0.042428837116279816	0	0	0	0	0	1.0902143902553223	9173.425052349401	Miaoli.Yunlin	1	Miaoli	Yunlin	0.5574971225279874	6.852427562627581e-5	4	8	geo.indicators.epoch1.Miaoli.Yunlin
0.03989601039895998	0.0019570510648507806	0.195724676995712	0.038308149185075795	0	0	0	0	0	1	10001	Nantou.Pingtung	1	Nantou	Pingtung	0.49864611539262493	7.393408685992918e-5	7	12	geo.indicators.epoch1.Nantou.Pingtung
0.0474952504749526	0.0025883998269531903	0.21270631302909498	0.04524397560243135	0	0	0	0	0	1.4811151329373717	6752.34475537756	Nantou.Taichung	1	Nantou	Taichung	0.598362376653371	1.8032704112177846e-4	7	5	geo.indicators.epoch1.Nantou.Taichung
0.04199580041995811	0.002123399883533973	0.2005895719681448	0.04023617638236355	0	0	0	0	0	1.1208144712951298	8922.975439854545	Nantou.Tainan	1	Nantou	Tainan	0.5260411230560498	4.6885030691662396e-5	7	10	geo.indicators.epoch1.Nantou.Tainan
0.11918808119188093	0.004253041361136202	0.32402589514098934	0.10499278072191942	0	0	0	0	1	1.7231640640606702	5803.858267814874	Nantou.Taoyuan	1	Nantou	Taoyuan	1.6237938472017275	0.0015363863903575523	7	1	geo.indicators.epoch1.Nantou.Taoyuan
0.040095990400959666	0.0020310547423854426	0.19619416603183257	0.03849215078492628	0	0	0	0	0	1.0719090412863657	9330.082698059998	Nantou.Yilan	1	Nantou	Yilan	0.501249999999997	1.0819622467306707e-5	7	3	geo.indicators.epoch1.Nantou.Yilan
0.04759524047595214	0.002223392326734535	0.21291892013942412	0.04533446655333847	0	0	0	0	0	1.0906629235145746	9169.65249700849	Nantou.Yunlin	1	Nantou	Yunlin	0.5996850393700753	7.754062768236475e-5	7	8	geo.indicators.epoch1.Nantou.Yunlin
0.038396160383962125	0.007561271319584643	0.19216031703048234	0.03692558744125548	0	0	0	0	0	15.48635054103565	645.7944997111749	Pingtung.Taichung	1	Pingtung	Taichung	0.4791515025475787	2.542611279817076e-4	12	5	geo.indicators.epoch1.Pingtung.Taichung
0.5038496150384988	0.037084812924420285	0.5000101788785236	0.2500101789821332	1	1	0	0	1	55.020096608165986	181.76994619300012	Pingtung.Tainan	1	Pingtung	Tainan	12.186215235792147	0.04345881691034861	12	10	geo.indicators.epoch1.Pingtung.Tainan
0.07199280071992796	0.0039421961474512095	0.2584889133950761	0.06681651834816717	0	0	0	0	1	2.3263736553115537	4298.965463766242	Pingtung.Taoyuan	1	Pingtung	Taoyuan	0.9309341665768768	8.403240116274876e-4	12	1	geo.indicators.epoch1.Pingtung.Taoyuan
0.024297570242976012	0.0015919405737680119	0.15397911885413793	0.02370956904309673	0	0	0	0	0	1.0690964758162882	9354.62816147058	Pingtung.Yilan	1	Pingtung	Yilan	0.29883172781308037	1.622943370096006e-5	12	3	geo.indicators.epoch1.Pingtung.Yilan
0.3952604739526027	0.02453742183378942	0.48893101215462886	0.23905353464654985	0	0	0	0	1	25.191239869121688	397.003087262044	Pingtung.Yunlin	1	Pingtung	Yunlin	7.843253968253902	0.023209893462784105	12	8	geo.indicators.epoch1.Pingtung.Yunlin
0.04049595040495931	0.0019823935663026444	0.19712918101741422	0.038859914008596466	0	0	0	0	0	1.0114974178783571	9887.321334914888	Taichung.Tainan	1	Taichung	Tainan	0.5064610254272589	3.426213781313791e-5	5	10	geo.indicators.epoch1.Taichung.Tainan
0.08009199080091992	0.003267934614568677	0.2714491325033804	0.07368463153683774	0	0	0	0	1	1.449628288617792	6899.009958984635	Taichung.Taoyuan	1	Taichung	Taoyuan	1.0447826086956522	7.321277869544205e-4	5	1	geo.indicators.epoch1.Taichung.Taoyuan
0.03879612038796148	0.0019714211331352365	0.19311838475128895	0.037294710528946874	0	0	0	0	0	1.0423136600770424	9595.00041404118	Taichung.Yilan	1	Taichung	Yilan	0.4843441173411041	0	5	3	geo.indicators.epoch1.Taichung.Yilan
0.03999600039996003	0.00216778053251717	0.19595958762971233	0.03840015998400691	0	0	0	0	0	1.2240085303287278	8170.694690595061	Taichung.Yunlin	1	Taichung	Yunlin	0.4999479220914491	4.6885030691662396e-5	5	8	geo.indicators.epoch1.Taichung.Yunlin
0.10648935106489309	0.004244843414356662	0.30847833653533685	0.09515888411160853	0	0	0	0	1	1.8939166531821203	5280.591404693825	Tainan.Taoyuan	1	Tainan	Taoyuan	1.4301700984780599	0.0015778616098155616	10	1	geo.indicators.epoch1.Tainan.Taoyuan
0.02269773022697753	0.0015425806918142782	0.14894549850143737	0.022184761523841686	0	0	0	0	0	1.0728224971151912	9322.138589461525	Tainan.Yilan	1	Tainan	Yilan	0.2786985880908562	3.426213781313791e-5	10	3	geo.indicators.epoch1.Tainan.Yilan
0.561943805619435	0.031170567022190544	0.4961729348139492	0.24618758124188747	1	1	0	0	1	39.47390742248016	253.35723400679834	Tainan.Yunlin	1	Tainan	Yunlin	15.393745720155028	0.06366626513845511	10	8	geo.indicators.epoch1.Tainan.Yunlin
0.034696530346965244	0.001914552842916919	0.18301920772684893	0.03349603039696348	0	0	0	0	0	1.0945314068698573	9137.243515561491	Taoyuan.Yilan	1	Taoyuan	Yilan	0.4313238036047227	0	1	3	geo.indicators.epoch1.Taoyuan.Yilan
0.03659634036596324	0.0019732075384573332	0.18777799110282256	0.03526057394261171	0	0	0	0	0	1.1044422432536567	9055.24943571275	Taoyuan.Yunlin	1	Taoyuan	Yunlin	0.4558380902957944	4.5081760280444616e-5	1	8	geo.indicators.epoch1.Taoyuan.Yunlin
0.036796320367962945	0.0019489532328930076	0.18827080339356506	0.03544589541045843	0	0	0	0	0	1.0718246447818829	9330.817357754646	Yilan.Yunlin	1	Yilan	Yunlin	0.45842416692618787	3.426213781313791e-5	3	8	geo.indicators.epoch1.Yilan.Yunlin
0.32006799320067975	0.028439296441662768	0.46652570709067	0.21764623537644961	0	0	0	0	1	37.168359356268155	269.0729473458292	Chiayi.Changhua	1	Chiayi	Changhua	5.648823529411761	0.0328213247545749	9	6	geo.indicators.epoch1.Chiayi.Changhua
0.04449555044495552	0.0022357943759644693	0.20620365662420928	0.042519948005194805	0	0	0	0	0	1.1758660420443234	8505.220528872982	Hsinchu.Changhua	1	Hsinchu	Changhua	0.5588112180828801	8.114716850480031e-5	2	6	geo.indicators.epoch1.Hsinchu.Changhua
0.04039596040395986	0.0019705656774942123	0.19689591971312442	0.03876800319967714	0	0	0	0	0	1.0018328088663162	9982.703612309553	Hualien.Changhua	1	Hualien	Changhua	0.5051578618318259	3.6065408224355695e-6	13	6	geo.indicators.epoch1.Hualien.Changhua
0.03929607039296049	0.002025859957383613	0.19430816872576542	0.03775566443356052	0	0	0	0	0	1.0872353834240591	9198.560084113144	Kaohsiung.Changhua	1	Kaohsiung	Changhua	0.49084096586177905	6.131119398140468e-5	11	6	geo.indicators.epoch1.Kaohsiung.Changhua
0.04629537046295395	0.0023950220778715206	0.21013453868310183	0.044156524347560025	0	0	0	0	0	1.2993047169756171	7697.19363697783	Miaoli.Changhua	1	Miaoli	Changhua	0.5825120570350211	1.42458362486205e-4	4	6	geo.indicators.epoch1.Miaoli.Changhua
0.055194480551944945	0.002618442305819123	0.22837089278964792	0.05215326467354087	0	0	0	0	1	1.3148959069800532	7605.925265194178	Nantou.Changhua	1	Nantou	Changhua	0.7010265636575318	4.742601181502774e-4	7	6	geo.indicators.epoch1.Nantou.Changhua
0.2959704029596981	0.032588212229752465	0.45650055939061074	0.2083927607239405	0	0	0	0	1	50.97125166808196	196.20864061030298	Pingtung.Changhua	1	Pingtung	Changhua	5.044737963357335	0.02861970469643746	12	6	geo.indicators.epoch1.Pingtung.Changhua
0.03869613038696115	0.0020790421231023084	0.19287939172971855	0.037202459754026224	0	0	0	0	0	1.162095384195704	8606.00612997166	Taichung.Changhua	1	Taichung	Changhua	0.48304555856043074	2.704905616826677e-5	5	6	geo.indicators.epoch1.Taichung.Changhua
0.3337666233376726	0.0251661493333224	0.4715810652792196	0.2223887011298836	0	0	0	0	1	28.484439290146838	351.103979900334	Tainan.Changhua	1	Tainan	Changhua	6.0117064385413705	0.03217395067694771	10	6	geo.indicators.epoch1.Tainan.Changhua
0.040595940405959485	0.0020334722959228072	0.1973621159683967	0.038951804819522866	0	0	0	0	0	1.0617830523423994	9419.061622745621	Taoyuan.Changhua	1	Taoyuan	Changhua	0.5077644606565931	8.655697973845366e-5	1	6	geo.indicators.epoch1.Taoyuan.Changhua
0.03569643035696435	0.0018873625624496165	0.18554147093374562	0.034425637436257976	0	0	0	0	0	1.0349408669173585	9663.35403276581	Yilan.Changhua	1	Yilan	Changhua	0.4442140190792208	7.213081644871139e-6	3	6	geo.indicators.epoch1.Yilan.Changhua
0.035296470352964834	0.002216263057645341	0.184537352849046	0.0340540345965333	0	0	0	0	0	1.4426497219477603	6932.382717613102	Yunlin.Changhua	1	Yunlin	Changhua	0.4390547263681609	0.003089002214416065	8	6	geo.indicators.epoch1.Yunlin.Changhua
0.039196080391961	0.002098844692631308	0.19407089851041862	0.0376635136486412	0	0	0	0	0	1.1698404346314952	8549.029170076821	Hsinchu.Chiayi	1	Hsinchu	Chiayi	0.48954105526069563	1.9835974523395634e-5	2	9	geo.indicators.epoch1.Hsinchu.Chiayi
0.03669633036696285	0.002054754399202935	0.18802458529544674	0.03535324467552473	0	0	0	0	0	1.1944759597454346	8372.709319433605	Hualien.Chiayi	1	Hualien	Chiayi	0.4571309943948457	1.8032704112177848e-6	13	9	geo.indicators.epoch1.Hualien.Chiayi
0.03639636036396335	0.0019406699322965938	0.18728366848914108	0.035075172482750494	0	0	0	0	0	1.0739656563604052	9312.215843002552	Kaohsiung.Chiayi	1	Kaohsiung	Chiayi	0.4532530870602852	2.704905616826677e-5	11	9	geo.indicators.epoch1.Kaohsiung.Chiayi
0.03889611038896097	0.0019678979946523433	0.1933570306605502	0.03738694130586496	0	0	0	0	0	1.0360294116861393	9653.200852399894	Miaoli.Chiayi	1	Miaoli	Chiayi	0.485642946317102	2.8852326579484556e-5	4	9	geo.indicators.epoch1.Miaoli.Chiayi
0.041595840415958533	0.001996538011459269	0.19967376652606525	0.03986961303870561	0	0	0	0	0	1	10001	Nantou.Chiayi	1	Nantou	Chiayi	0.5208137715179986	3.6065408224355694e-5	7	9	geo.indicators.epoch1.Nantou.Chiayi
0.08349165083491687	0.006765679267332127	0.27663775439245347	0.07652844715529943	0	0	0	0	1	5.982555897997228	1671.693532081835	Pingtung.Chiayi	1	Pingtung	Chiayi	1.0931704123936339	0.0033594927760987325	12	9	geo.indicators.epoch1.Pingtung.Chiayi
0.043995600439955845	0.002174154893630122	0.2050955718211285	0.042064193580635685	0	0	0	0	0	1.1239713723743874	8897.913457415652	Taichung.Chiayi	1	Taichung	Chiayi	0.5522434891747705	4.147521945800905e-5	5	9	geo.indicators.epoch1.Taichung.Chiayi
0.17038296170382972	0.00962784696250168	0.3759876903911556	0.14136674332567548	0	0	0	0	1	6.5584008633592195	1524.914412577928	Tainan.Chiayi	1	Tainan	Chiayi	2.4645052428588667	0.009485202363005547	10	9	geo.indicators.epoch1.Tainan.Chiayi
0.038496150384961396	0.002057934511744098	0.19240035917373235	0.03701789821018122	0	0	0	0	0	1.144295522079239	8739.875152030405	Taoyuan.Chiayi	1	Taoyuan	Chiayi	0.4804492512479187	7.213081644871139e-6	1	9	geo.indicators.epoch1.Taoyuan.Chiayi
0.03869613038696117	0.0022591454644305875	0.19287939172971857	0.03720245975402623	0	0	0	0	0	1.3721563202788845	7288.528174375455	Yilan.Chiayi	1	Yilan	Chiayi	0.48304555856043097	1.8032704112177848e-6	3	9	geo.indicators.epoch1.Yilan.Chiayi
0.030396960303969697	0.001984430885823143	0.1716855626043137	0.029475932406759716	0	0	0	0	0	1.336260892046754	7484.316917096514	Yunlin.Chiayi	1	Yunlin	Chiayi	0.376198824378675	0.004006866853725918	8	9	geo.indicators.epoch1.Yunlin.Chiayi
0.03839616038396168	0.0020473823938263244	0.19216031703048234	0.03692558744125548	0	0	0	0	0	1.1354221703503036	8808.177487774847	Hualien.Hsinchu	1	Hualien	Hsinchu	0.479151502547573	0	13	2	geo.indicators.epoch1.Hualien.Hsinchu
0.03859614038596136	0.002074994543773071	0.19264005030393164	0.03711018898110131	0	0	0	0	0	1.1604531365788555	8618.18515953523	Kaohsiung.Hsinchu	1	Kaohsiung	Hsinchu	0.48174726989079514	7.03275460374936e-5	11	2	geo.indicators.epoch1.Kaohsiung.Hsinchu
0.04409559044095584	0.002111093906696487	0.20531776460293366	0.042155384461545674	0	0	0	0	0	1.0574233702032003	9457.895750949927	Miaoli.Hsinchu	1	Miaoli	Hsinchu	0.5535564853556477	4.5081760280444616e-5	4	2	geo.indicators.epoch1.Miaoli.Hsinchu
0.04389561043895646	0.0020797901223744636	0.20487308925705142	0.04197298270172776	0	0	0	0	0	1.0307564112173466	9702.583356419382	Nantou.Hsinchu	1	Nantou	Hsinchu	0.5509307676218412	1.550812553647295e-4	7	2	geo.indicators.epoch1.Nantou.Hsinchu
0.08319168083191716	0.009080859039223598	0.2761855393658008	0.07627845215477831	0	0	0	0	1	10.812816960113627	924.9208635355374	Pingtung.Hsinchu	1	Pingtung	Hsinchu	1.0888864652633927	0.0017455657580588157	12	2	geo.indicators.epoch1.Pingtung.Hsinchu
0.04309569043095728	0.002030623757971663	0.20308268203473753	0.04124257574242231	0	0	0	0	0	1	10001	Taichung.Hsinchu	1	Taichung	Hsinchu	0.5404388714733592	8.655697973845366e-5	5	2	geo.indicators.epoch1.Taichung.Hsinchu
0.07049295070492965	0.005517601683819167	0.2559887633770285	0.0655302469753003	0	0	0	0	1	4.646711837186861	2152.274629978916	Tainan.Hsinchu	1	Tainan	Hsinchu	0.9100688468158369	0.0016608120487315798	10	2	geo.indicators.epoch1.Tainan.Hsinchu
0.041795820417958304	0.002089806655728998	0.20013229301271748	0.0400529347065282	0	0	0	0	0	1.0905980778636213	9170.197713525238	Taoyuan.Hsinchu	1	Taoyuan	Hsinchu	0.5234269018052815	5.770465315896911e-5	1	2	geo.indicators.epoch1.Taoyuan.Hsinchu
0.04309569043095696	0.0020969432614979986	0.2030826820347369	0.04124257574242205	0	0	0	0	0	1.0663859957703226	9378.405230064564	Yilan.Hsinchu	1	Yilan	Hsinchu	0.5404388714733549	3.6065408224355695e-6	3	2	geo.indicators.epoch1.Yilan.Hsinchu
0.2276772322767701	0.013566445435051887	0.41935413937456606	0.17585789421058298	0	0	0	0	1	10.467841327079828	955.4023305767798	Yunlin.Hsinchu	1	Yunlin	Hsinchu	3.537545313309121	0.007507014721899638	8	2	geo.indicators.epoch1.Yunlin.Hsinchu
0.03879612038796136	0.0020165575693207602	0.19311838475128895	0.037294710528946874	0	0	0	0	0	1.090588374128561	9170.279307251318	Kaohsiung.Hualien	1	Kaohsiung	Hualien	0.4843441173411026	2.5245785757048985e-5	11	13	geo.indicators.epoch1.Kaohsiung.Hualien
0.04139586041395862	0.0020485310193844196	0.19921398389383263	0.039686211378852206	0	0	0	0	0	1.0576264474184698	9456.079719272486	Miaoli.Hualien	1	Miaoli	Hualien	0.5182017315114219	0	4	13	geo.indicators.epoch1.Miaoli.Hualien
0.04349565043495657	0.0020501277770413693	0.2039802421953588	0.041607939206077235	0	0	0	0	0	1.010351540888868	9898.534911127575	Nantou.Hualien	1	Nantou	Hualien	0.5456826259669673	3.6065408224355695e-6	7	13	geo.indicators.epoch1.Nantou.Hualien
0.02659734026597318	0.0017077119188952364	0.16091149974108196	0.02589251074892422	0	0	0	0	0	1.1265277868892365	8877.721540821014	Pingtung.Hualien	1	Pingtung	Hualien	0.32788906009244717	2.8852326579484556e-5	12	13	geo.indicators.epoch1.Pingtung.Hualien
0.03949605039496037	0.0019720806094230695	0.19478168807511284	0.03793990600939056	0	0	0	0	0	1.0252739657224867	9754.46596164424	Taichung.Hualien	1	Taichung	Hualien	0.4934415990006229	0	5	13	geo.indicators.epoch1.Taichung.Hualien
0.024797520247974936	0.0016570769843240584	0.15551534167999398	0.024185021497845276	0	0	0	0	0	1.135600950574339	8806.790796487021	Tainan.Hualien	1	Tainan	Hualien	0.3051368809597013	9.016352056088924e-6	10	13	geo.indicators.epoch1.Tainan.Hualien
0.03749625037496249	0.0019502549366401697	0.1899839219800996	0.03609389061094058	0	0	0	0	0	1.0539886364134228	9488.717102332352	Taoyuan.Hualien	1	Taoyuan	Hualien	0.46748389777685423	0	1	13	geo.indicators.epoch1.Taoyuan.Hualien
0.038696130386961194	0.0019801915145277304	0.19287939172971866	0.03720245975402626	0	0	0	0	0	1.0542159661047072	9486.670968334278	Yilan.Hualien	1	Yilan	Hualien	0.4830455585604313	0	3	13	geo.indicators.epoch1.Yilan.Hualien
0.020897910208979135	0.0014529893903665089	0.1430497594427619	0.020463233676632046	0	0	0	0	0	1.0318996785314691	9691.8336230444	Yunlin.Hualien	1	Yunlin	Hualien	0.2561274509803926	2.8852326579484556e-5	8	13	geo.indicators.epoch1.Yunlin.Hualien
0.04449555044495552	0.0021304906824062796	0.2062036566242088	0.04251994800519461	0	0	0	0	0	1.0677102405591583	9366.77351222415	Miaoli.Kaohsiung	1	Miaoli	Kaohsiung	0.5588112180828801	4.147521945800905e-5	4	11	geo.indicators.epoch1.Miaoli.Kaohsiung
0.03919608039196079	0.0019776001166337243	0.19407089851041878	0.03766351364864127	0	0	0	0	0	1.03858723255491	9629.42705871483	Nantou.Kaohsiung	1	Nantou	Kaohsiung	0.4895410552606929	4.6885030691662396e-5	7	11	geo.indicators.epoch1.Nantou.Kaohsiung
0.8420157984201584	0.010004017327374853	0.36474442579756516	0.13303849615039554	1	1	0	0	1	7.5241665124209645	1329.1837685264215	Pingtung.Kaohsiung	1	Pingtung	Kaohsiung	63.956962025316656	0.03947539257196852	12	11	geo.indicators.epoch1.Pingtung.Kaohsiung
0.04119588041195882	0.0021522305358887034	0.19875293639851396	0.03950272972703174	0	0	0	0	0	1.1728360994806903	8527.19318959252	Taichung.Kaohsiung	1	Taichung	Kaohsiung	0.5155907811033478	2.704905616826677e-5	5	11	geo.indicators.epoch1.Taichung.Kaohsiung
0.28527147285271565	0.013671678049637401	0.45156621750867454	0.2039120487950916	0	0	0	0	1	9.168274588131998	1090.8268403027473	Tainan.Kaohsiung	1	Tainan	Kaohsiung	4.789591494124252	0.009164220229808782	10	11	geo.indicators.epoch1.Tainan.Kaohsiung
0.038396160383961535	0.002005666542935125	0.19216031703048234	0.03692558744125548	0	0	0	0	0	1.089624604546512	9178.390390846846	Taoyuan.Kaohsiung	1	Taoyuan	Kaohsiung	0.47915150254757116	3.245886740192012e-5	1	11	geo.indicators.epoch1.Taoyuan.Kaohsiung
0.03909609039096088	0.0019811145818264485	0.1938332862686649	0.03757134286571019	0	0	0	0	0	1.0448388822836552	9571.810706490252	Yilan.Kaohsiung	1	Yilan	Kaohsiung	0.48824141519250747	0	3	11	geo.indicators.epoch1.Yilan.Kaohsiung
0.18348165183481593	0.009813365570661545	0.3870802460579669	0.14983111688829623	0	0	0	0	1	6.428664967306658	1555.6884751127418	Yunlin.Kaohsiung	1	Yunlin	Kaohsiung	2.696546656869938	0.0050906323708678055	8	11	geo.indicators.epoch1.Yunlin.Kaohsiung
0.04509549045095503	0.002249061747060891	0.2075239585702303	0.04306619338065866	0	0	0	0	0	1.174770754337339	8513.150300239926	Nantou.Miaoli	1	Nantou	Miaoli	0.5667015706806301	1.5327798495351169e-4	7	4	geo.indicators.epoch1.Nantou.Miaoli
0.2433756624337555	0.021932136232150408	0.42914142629634566	0.18416236376366188	0	0	0	0	1	26.12449136747903	382.8208503400646	Pingtung.Miaoli	1	Pingtung	Miaoli	3.8599180652834444	0.004091620563053153	12	4	geo.indicators.epoch1.Pingtung.Miaoli
0.046595340465953414	0.0021807111103375595	0.2107810644585629	0.044428657134284844	0	0	0	0	0	1.070582007490695	9341.647748630712	Taichung.Miaoli	1	Taichung	Miaoli	0.5864708966963819	7.03275460374936e-5	5	4	geo.indicators.epoch1.Taichung.Miaoli
0.27537246275372645	0.019826646518570627	0.44672410250358624	0.19956242375763464	0	0	0	0	1	19.701832032430463	507.6177679079651	Tainan.Miaoli	1	Tainan	Miaoli	4.560231820063517	0.00479489602342809	10	4	geo.indicators.epoch1.Tainan.Miaoli
0.04129587041295859	0.0020875746823076136	0.19898361880301496	0.03959448055194357	0	0	0	0	0	1.10087053312489	9084.628663473746	Taoyuan.Miaoli	1	Taoyuan	Miaoli	0.5168961201501863	4.147521945800905e-5	1	4	geo.indicators.epoch1.Taoyuan.Miaoli
0.038096190380961806	0.001965564210978703	0.1914380713089313	0.036648535146483474	0	0	0	0	0	1.0543983215707977	9485.030273095404	Yilan.Miaoli	1	Yilan	Miaoli	0.47525987525987395	3.6065408224355695e-6	3	4	geo.indicators.epoch1.Yilan.Miaoli
0.09399060093990587	0.005008586953111318	0.29183023063358193	0.08516488351164961	0	0	0	0	1	2.9461627459348065	3394.5850458531677	Yunlin.Miaoli	1	Yunlin	Miaoli	1.2448957068756188	0.0014426163289742277	8	4	geo.indicators.epoch1.Yunlin.Miaoli
0.032796720327967134	0.0020124451594923103	0.17811307524503994	0.03172426757324526	0	0	0	0	0	1.2768602263914566	7832.49395140445	Pingtung.Nantou	1	Pingtung	Nantou	0.40690582032461403	1.5147471454229393e-4	12	7	geo.indicators.epoch1.Pingtung.Nantou
0.041895810418958054	0.002052160276262673	0.2003610878974316	0.04014456554344231	0	0	0	0	0	1.0492588615476302	9531.489670002671	Taichung.Nantou	1	Taichung	Nantou	0.5247338760175323	9.016352056088924e-6	5	7	geo.indicators.epoch1.Taichung.Nantou
0.027497250274972407	0.0017291214074344437	0.16353539561036057	0.026743825617437142	0	0	0	0	0	1.1181866373541889	8943.945192963483	Tainan.Nantou	1	Tainan	Nantou	0.3392967304133239	1.496714441310761e-4	10	7	geo.indicators.epoch1.Tainan.Nantou
0.0392960703929605	0.0019593504933915866	0.19430816872576195	0.037755664433559176	0	0	0	0	0	1.0170188401724467	9833.64280479231	Taoyuan.Nantou	1	Taoyuan	Nantou	0.49084096586177917	1.622943370096006e-5	1	7	geo.indicators.epoch1.Taoyuan.Nantou
0.03729627037296272	0.0021160457883471597	0.1894963036976849	0.03590884911508522	0	0	0	0	0	1.2471982431851576	8018.773322241814	Yilan.Nantou	1	Yilan	Nantou	0.4648940589945993	0	3	7	geo.indicators.epoch1.Yilan.Nantou
0.027297270272972633	0.0017441880522075458	0.16295638840362744	0.02655478452155389	0	0	0	0	0	1.1458576995074798	8727.959854263489	Yunlin.Nantou	1	Yunlin	Nantou	0.33675986842105177	1.2983546960768048e-4	8	7	geo.indicators.epoch1.Yunlin.Nantou
0.0382961703829616	0.002013896503857505	0.19191992255711107	0.03683325667432751	0	0	0	0	0	1.1013390318700158	9080.764152178306	Taichung.Pingtung	1	Taichung	Pingtung	0.47785402370555075	1.8032704112177847e-5	5	12	geo.indicators.epoch1.Taichung.Pingtung
0.4156584341565782	0.026640074972170222	0.4928598065587476	0.2429107889211261	0	0	0	0	1	29.22206722440928	342.24135901125214	Tainan.Pingtung	1	Tainan	Pingtung	8.535934291580894	0.025775947257947015	10	12	geo.indicators.epoch1.Tainan.Pingtung
0.03979602039796002	0.0020492875136112745	0.19548943293220494	0.03821611838815506	0	0	0	0	0	1.099122424898807	9099.077385233737	Taoyuan.Pingtung	1	Taoyuan	Pingtung	0.49734457981880426	1.4426163289742278e-5	1	12	geo.indicators.epoch1.Taoyuan.Pingtung
0.03829617038296162	0.0019687034125153596	0.19191992255711113	0.03683325667432753	0	0	0	0	0	1.0524641788012865	9502.461177719824	Yilan.Pingtung	1	Yilan	Pingtung	0.477854023705551	1.0819622467306707e-5	3	12	geo.indicators.epoch1.Yilan.Pingtung
0.027597240275972428	0.0019076897124839416	0.1638240402638888	0.026838316168384262	0	0	0	0	0	1.3562728409190565	7373.885031291331	Yunlin.Pingtung	1	Yunlin	Pingtung	0.3405655526992291	0.001289338344020716	8	12	geo.indicators.epoch1.Yunlin.Pingtung
0.03899610038996106	0.0023412671149035604	0.193595330741175	0.03747915208478494	0	0	0	0	0	1.4628474123643775	6836.6665692326305	Tainan.Taichung	1	Tainan	Taichung	0.4869420455727819	2.34425153458312e-4	10	5	geo.indicators.epoch1.Tainan.Taichung
0.04089591040895916	0.002067391680844965	0.19805897420787053	0.03922735726427393	0	0	0	0	0	1.0897912896961566	9176.986542797904	Taoyuan.Taichung	1	Taoyuan	Taichung	0.5116763969974987	5.950792357018689e-5	1	5	geo.indicators.epoch1.Taoyuan.Taichung
0.03649635036496362	0.0019703193488978883	0.18753101933194447	0.03516788321167813	0	0	0	0	0	1.1041138824758254	9057.942444826538	Yilan.Taichung	1	Yilan	Taichung	0.454545454545456	5.409811233653354e-6	3	5	geo.indicators.epoch1.Yilan.Taichung
0.35236476352365	0.02127615624702688	0.47773073727180415	0.22822665733426156	0	0	0	0	1	19.838408423799816	504.1231023352641	Yunlin.Taichung	1	Yunlin	Taichung	6.5289485873090065	0.00641423285270166	8	5	geo.indicators.epoch1.Yunlin.Taichung
0.0379962003799621	0.0020803831650603563	0.19119661185692605	0.036556144385568035	0	0	0	0	0	1.184167484927362	8445.595853033805	Taoyuan.Tainan	1	Taoyuan	Tainan	0.4739632054879962	2.5245785757048985e-5	1	10	geo.indicators.epoch1.Taoyuan.Tainan
0.03699630036996302	0.0018907060014306987	0.18876211719069402	0.03563113688631331	0	0	0	0	0	1.0034718187182339	9966.398471234192	Yilan.Tainan	1	Yilan	Tainan	0.46101131762018505	5.409811233653354e-6	3	10	geo.indicators.epoch1.Yilan.Tainan
0.5647435256474389	0.03117743189145448	0.4958153453800652	0.24583285671435337	1	1	0	0	1	39.5482804256819	252.8807799568838	Yunlin.Tainan	1	Yunlin	Tainan	15.569951757408914	0.06143020982854505	8	10	geo.indicators.epoch1.Yunlin.Tainan
0.04019598040195995	0.0019848166876741038	0.19642841339236575	0.038584121587842135	0	0	0	0	0	1.0212193670266128	9793.194609223834	Yilan.Taoyuan	1	Yilan	Taoyuan	0.5025523492030439	3.065559699070234e-5	3	1	geo.indicators.epoch1.Yilan.Taoyuan
0.11748825117488214	0.004400413150723944	0.32201728290102033	0.10369513048695578	0	0	0	0	1	1.8677356137101497	5354.612251641755	Yunlin.Taoyuan	1	Yunlin	Taoyuan	1.5975526852481248	0.0018645816051991895	8	1	geo.indicators.epoch1.Yunlin.Taoyuan
0.02129787021297862	0.0014970691678870321	0.144382669889633	0.02084635536445873	0	0	0	0	0	1.0753267513083598	9300.428904825156	Yunlin.Yilan	1	Yunlin	Yilan	0.26113608500204233	1.4426163289742278e-4	8	3	geo.indicators.epoch1.Yunlin.Yilan
